,strategy,CAGR,MDD,volatility,Sharpe,Sortino,Ulcer,UPI,Calmar,mean_weight,mean_cash,orders,turnover_pa,fee_sum,final_multiple,reversal_14d_count,reversal_14d_rate,recovery_max_days,recovery_mean_days,recovered_episodes,unrecovered_days,underwater_max_days,fold_year,role
0,original,0.9160502354,-0.8221245546,0.6847799812,1.291330563,1.933365266,0.3543748569,2.584975253,1.114247507,0.7644528654,0.2355471346,23,4.042233632,0.0138116566,9.22440869,6,0.2727272727,189,19.65853659,41,380,380,2019,expanding_past
1,improved,1.309315899,-0.6295798235,0.6472113948,1.61599417,2.47554599,0.3300232239,3.967344731,2.079666231,0.6674721198,0.3325278802,33,4.084596219,0.01395640269,17.45675947,8,0.25,190,19.68292683,41,380,380,2019,expanding_past
2,confirm2,1.332156872,-0.612138489,0.6470517276,1.631470808,2.501172164,0.3236208794,4.116412001,2.176234456,0.6687145742,0.3312854258,31,3.759076561,0.01284415482,18.05379922,8,0.2666666667,190,19.68292683,41,380,380,2019,expanding_past
3,buffer1,1.366894392,-0.6139043347,0.6462844067,1.655446301,2.544157685,0.3258929186,4.194305289,2.226559278,0.6847284187,0.3152715813,27,3.026813334,0.01034213016,18.98928168,4,0.1538461538,190,19.63414634,41,380,380,2019,expanding_past
4,confirm2_buffer1,1.440139074,-0.5933495387,0.6442473304,1.706005367,2.629663916,0.3110267521,4.63027397,2.427134396,0.6699740184,0.3300259816,25,2.893896438,0.009887974686,21.07331078,3,0.125,190,19.6097561,41,380,380,2019,expanding_past
5,weekly,1.237418133,-0.6577031317,0.6587733532,1.551847824,2.345742111,0.3472997595,3.562968586,1.881423507,0.681416011,0.318583989,25,3.679348635,0.01257173743,15.66856733,4,0.1666666667,189,19.68292683,41,380,380,2019,expanding_past
6,hybrid_score,1.2702417,-0.6229481117,0.6446086808,1.593378199,2.439875689,0.3290683802,3.860114726,2.039081067,0.6594296686,0.3405703314,82,6.390147815,0.02183409849,16.46798994,45,0.5555555556,190,19.70731707,41,380,380,2019,expanding_past
7,hybrid_score_conservative,1.231855397,-0.6353263202,0.6421212817,1.570425765,2.40557421,0.3417260484,3.604803915,1.938933361,0.630128461,0.369871539,44,4.785283101,0.0163505361,15.53586159,20,0.4651162791,190,19.73170732,41,380,380,2019,expanding_past
8,buy_hold,1.122125612,-0.8378314303,0.7652711282,1.366085868,2.02758935,0.3578992477,3.135311457,1.339321457,1,0,1,0.2923758933,0.000999000999,13.0774719,0,0,169,16.87234043,47,380,380,2019,expanding_past
9,weekly_price,0.983238297,-0.767290079,0.6597428079,1.36736407,2.055364862,0.3926094797,2.504367184,1.281442735,0.6690705128,0.3309294872,18,5.265397463,0.01799100899,10.37723841,8,0.4705882353,190,19.28571429,42,380,380,2019,expanding_past
10,monthly_10m,1.15375632,-0.7289900897,0.6944053431,1.451576822,2.196269924,0.3731579567,3.091871149,1.582677648,0.7564102564,0.2435897436,6,1.755132488,0.005997002997,13.75557066,0,0,169,17.8,45,380,380,2019,expanding_past
11,weekly_price_vol,0.6943938067,-0.4151333624,0.3887272288,1.55189196,2.327323197,0.2007286143,3.459366314,1.672700557,0.4285374341,0.5714625659,108,4.81723355,0.0164597056,6.060450411,43,0.4018691589,184,20.225,40,380,380,2019,expanding_past
12,original,1.62786235,-0.265619705,0.6271302502,1.851298229,2.993018429,0.1662618151,9.790957409,6.128545132,0.7287671233,0.2712328767,1,1.000684932,0.001,2.626125099,0,0,48,10.92857143,14,188,188,2019,next_year_holdout
13,improved,1.310220354,-0.3038142729,0.591196191,1.708042842,2.79759039,0.1828302663,7.166320874,4.312570115,0.5335566748,0.4664433252,6,1.953767127,0.001952429846,2.308896677,0,0,19,5.4,15,188,188,2019,next_year_holdout
14,confirm2,1.14677822,-0.3516879336,0.5996586033,1.570405233,2.517208237,0.205290201,5.586132286,3.260783526,0.5338122715,0.4661877285,6,1.980016647,0.001978661399,2.145655947,0,0,19,5.714285714,14,188,188,2019,next_year_holdout
15,buffer1,1.10513994,-0.3560532267,0.5995770858,1.537790436,2.463914215,0.2078280672,5.317568291,3.103861606,0.5297120427,0.4702879573,6,1.965731206,0.001964385736,2.104067641,0,0,19,5.642857143,14,188,188,2019,next_year_holdout
16,confirm2_buffer1,1.019163264,-0.3613605439,0.5875865042,1.487675306,2.333650143,0.2074070157,4.913832159,2.820350149,0.5294693591,0.4705306409,6,1.949430641,0.001948096329,2.01819236,0,0,19,5.571428571,14,188,188,2019,next_year_holdout
17,weekly,1.268356084,-0.3108229514,0.5914168049,1.676626536,2.743602906,0.1842734676,6.883009803,4.08063844,0.5316142196,0.4683857804,6,1.945181192,0.001943849788,2.26708477,0,0,19,5.4,15,188,188,2019,next_year_holdout
18,hybrid_score,1.305954899,-0.3022332468,0.5879475354,1.711115671,2.802741677,0.1824838166,7.156551874,4.321016676,0.5294021141,0.4705978859,20,4.950695426,0.00494730686,2.304636581,11,0.55,34,7.785714286,14,188,188,2019,next_year_holdout
19,hybrid_score_conservative,1.308865838,-0.2948818485,0.5868542803,1.715359914,2.812708434,0.1808244217,7.238324478,4.438611073,0.5087437109,0.4912562891,12,3.444604998,0.003442247294,2.307543863,6,0.5,19,5.4,15,188,188,2019,next_year_holdout
20,buy_hold,0.9447436861,-0.4862220874,0.7077326078,1.288593875,2.055828429,0.224985645,4.199128731,1.943029144,1,0,0,0,0,1.94385853,0,0,48,10.92857143,14,188,188,2019,next_year_holdout
21,weekly_price,1.513126091,-0.265619705,0.5887004344,1.856084117,3.06391135,0.160039486,9.454704765,5.696588252,0.5369863014,0.4630136986,2,2.000370178,0.001999000999,2.511541434,0,0,19,5.4,15,188,188,2019,next_year_holdout
22,monthly_10m,0.3931029909,-0.4602245207,0.6209936299,0.8407425435,1.304513569,0.2179870596,1.803331774,0.8541548162,0.5863013699,0.4136986301,2,2.000370178,0.001999000999,1.392786901,0,0,19,5.714285714,7,188,188,2019,next_year_holdout
23,weekly_price_vol,1.069509899,-0.1260814154,0.3494298321,2.25065658,4.547241765,0.07985662508,13.39287627,8.482692672,0.3066477025,0.6933522975,29,3.103221974,0.003101097935,2.068479916,11,0.3793103448,19,5.0625,16,188,188,2019,next_year_holdout
24,original,1.058033408,-0.8221245546,0.6720055269,1.409061422,2.13933828,0.4178646141,2.53200049,1.286950258,0.7563776665,0.2436223335,24,3.353972456,0.0148116566,24.22445118,6,0.2608695652,189,19.65853659,41,745,745,2020,expanding_past
25,improved,1.309520534,-0.6295798235,0.634790711,1.634744432,2.534898044,0.3439932628,3.806820293,2.079991265,0.6371688728,0.3628311272,39,3.602418526,0.01590883253,40.30585394,8,0.2105263158,552,32.35714286,42,188,552,2020,expanding_past
26,confirm2,1.288854079,-0.612138489,0.636459389,1.618112915,2.50149737,0.339886319,3.792015174,2.105494267,0.6381880147,0.3618119853,37,3.356499457,0.01482281622,38.73724165,8,0.2222222222,552,32.35714286,42,188,552,2020,expanding_past
27,buffer1,1.304949288,-0.6139043347,0.6358419949,1.630010674,2.524768223,0.3441081867,3.792264579,2.125655765,0.6496503175,0.3503496825,33,2.786704855,0.0123065159,39.95473311,4,0.125,552,32.30952381,42,188,552,2020,expanding_past
28,confirm2_buffer1,1.337782335,-0.5933495387,0.631712645,1.659276489,2.56565245,0.3281045857,4.077304595,2.25462775,0.6381797216,0.3618202784,31,2.680176651,0.01183607101,42.52999482,3,0.1,551,32.26190476,42,188,551,2020,expanding_past
29,weekly,1.244381825,-0.6577031317,0.643971073,1.57671991,2.416741166,0.3626765607,3.43110628,1.892011403,0.6475178995,0.3524821005,31,3.286930087,0.01451558722,35.52197037,4,0.1333333333,555,32.42857143,42,188,555,2020,expanding_past
30,hybrid_score,1.278274384,-0.6251151391,0.6320545194,1.61748707,2.507213088,0.3461504289,3.692829121,2.044862305,0.6300061985,0.3699938015,102,6.064419283,0.02678140535,37.95273203,56,0.5544554455,553,32.4047619,42,188,553,2020,expanding_past
31,hybrid_score_conservative,1.249053832,-0.6353263202,0.6298625097,1.600366139,2.481959734,0.3571431516,3.497347846,1.966003599,0.6026607401,0.3973392599,56,4.481905849,0.01979278339,35.84968208,26,0.4727272727,553,32.42857143,42,188,553,2020,expanding_past
32,buy_hold,1.080620432,-0.8378314303,0.7524274304,1.349271672,2.029576256,0.4377347941,2.468664694,1.289782637,1,0,1,0.2262151983,0.000999000999,25.42075531,0,0,169,16.87234043,47,745,745,2020,expanding_past
33,weekly_price,1.092406475,-0.767290079,0.6441899326,1.467318444,2.241510934,0.4320086897,2.528667829,1.423720318,0.6391816491,0.3608183509,20,4.526566118,0.01999000999,26.06286424,8,0.4210526316,190,19.28571429,42,745,745,2020,expanding_past
34,monthly_10m,0.9515521225,-0.7289900897,0.678386122,1.323778679,2.011995985,0.4326581817,2.199316141,1.305301863,0.717916925,0.282083075,8,1.810626447,0.007996003996,19.15857862,0,0,169,17.8,45,745,745,2020,expanding_past
35,weekly_price_vol,0.7728338873,-0.4151333624,0.3801066939,1.696141369,2.65980301,0.2068472568,3.736253984,1.861652079,0.4009554428,0.5990445572,137,4.429376002,0.01956080353,12.53591996,54,0.3970588235,511,29.45652174,46,188,511,2020,expanding_past
36,original,0.6922338603,-0.5438564355,0.6022302697,1.214910841,1.530894184,0.3875667774,1.786102165,1.272824619,0.7706791004,0.2293208996,7,2.941588486,0.002947628708,1.694062771,0,0,292,42,8,0,292,2020,next_year_holdout
37,improved,0.8831072821,-0.5216673077,0.6120319019,1.37989457,1.754675753,0.3414455419,2.58637813,1.692855329,0.7951094422,0.2048905578,9,3.010204659,0.003016385778,1.885556229,0,0,279,33.2,10,0,279,2020,next_year_holdout
38,confirm2,1.009774126,-0.5167568261,0.6225943958,1.470608812,1.904174547,0.3138078153,3.217810635,1.954060546,0.7939100899,0.2060899101,9,2.984576935,0.00299070543,2.012656822,0,0,276,30,11,0,276,2020,next_year_holdout
39,buffer1,0.9136865741,-0.514430949,0.6121850264,1.406055386,1.789312415,0.336032121,2.719045344,1.776111208,0.7945149373,0.2054850627,9,3.025660052,0.003031872906,1.916238671,0,0,277,30.18181818,11,0,277,2020,next_year_holdout
40,confirm2_buffer1,1.099559926,-0.5198237425,0.6201309987,1.544529079,2.00452777,0.3013121735,3.649238308,2.1152553,0.7922228066,0.2077771934,9,2.993772861,0.002999920239,2.102760108,0,0,272,27.41666667,12,0,272,2020,next_year_holdout
41,weekly,0.9634806054,-0.5140237511,0.6281655264,1.426201133,1.840691991,0.3271201755,2.945341429,1.874389274,0.7842530774,0.2157469226,8,3.018015996,0.003024213154,1.966202813,0,0,277,29.81818182,11,0,277,2020,next_year_holdout
42,hybrid_score,0.7983210182,-0.5215476348,0.6121719149,1.30404569,1.66031965,0.3382777627,2.35995713,1.530677094,0.7734588827,0.2265411173,24,5.906133709,0.005918261294,1.800489369,9,0.375,282,33.5,10,0,282,2020,next_year_holdout
43,hybrid_score_conservative,0.6780222199,-0.5215476348,0.6078282191,1.194911198,1.51520761,0.369264963,1.836140138,1.300019739,0.7511890952,0.2488109048,21,6.356663756,0.006369716454,1.679806681,9,0.4285714286,292,42,8,0,292,2020,next_year_holdout
44,buy_hold,3.037675561,-0.5213764375,0.7366735001,2.294872306,3.253515525,0.155203416,19.57222101,5.826261683,1,0,0,0,0,4.049263532,0,0,164,13.79166667,24,0,164,2020,next_year_holdout
45,weekly_price,2.159871997,-0.264300517,0.5058219223,2.528959548,4.071063916,0.1461798942,14.77543823,8.172030923,0.8114754098,0.1885245902,3,2.991858551,0.002998001998,3.167345981,0,0,169,15.57142857,21,0,169,2020,next_year_holdout
46,monthly_10m,1.968298541,-0.2017959857,0.4781685168,2.515546239,4.080338557,0.1112246426,17.69660476,9.753903349,0.7459016393,0.2540983607,3,2.991858551,0.002998001998,2.974937321,0,0,164,16.21052632,19,0,164,2020,next_year_holdout
47,weekly_price_vol,1.473455825,-0.1969021732,0.378057696,2.585770486,4.214737143,0.1203958284,12.23842923,7.483187212,0.6043680332,0.3956319668,44,3.620056278,0.003627489658,2.478059697,14,0.3181818182,169,15.57142857,21,0,169,2020,next_year_holdout
48,original,0.984878063,-0.8221245546,0.6595268603,1.375364741,2.018659673,0.4574383534,2.153029049,1.197966972,0.7590226007,0.2409773993,31,3.277705386,0.01775928531,41.03774091,6,0.2,189,19.65853659,41,1111,1111,2021,expanding_past
49,improved,1.223961822,-0.6295798235,0.6305035135,1.589195435,2.365428585,0.367600792,3.329595171,1.94409315,0.6663787002,0.3336212998,48,3.492893374,0.01892521831,75.99895396,8,0.170212766,552,42.37777778,45,0,552,2021,expanding_past
50,confirm2,1.23446872,-0.6408449585,0.633766406,1.591642871,2.371625795,0.3664869881,3.368383489,1.926314163,0.6669875496,0.3330124504,46,3.287715403,0.01781352165,77.96477366,8,0.1777777778,552,42.37777778,45,0,552,2021,expanding_past
51,buffer1,1.226997939,-0.6444489126,0.6313915033,1.590046353,2.36534281,0.3753833152,3.268653371,1.903949118,0.676441854,0.323558146,42,2.83089768,0.0153383888,76.56280465,4,0.09756097561,552,42.37777778,45,0,552,2021,expanding_past
52,confirm2_buffer1,1.291773865,-0.6420983149,0.6294339517,1.638729062,2.442997858,0.3549070698,3.639752416,2.011800739,0.6666687409,0.3333312591,40,2.738173727,0.01483599125,89.43037649,3,0.07692307692,551,42.28888889,45,0,551,2021,expanding_past
53,weekly,1.18956148,-0.6577031317,0.6409248582,1.54973971,2.292745317,0.3791686933,3.137288232,1.808660203,0.6728059617,0.3271940383,39,3.237196607,0.01753980037,69.84339808,4,0.1052631579,555,42.42222222,45,0,555,2021,expanding_past
54,hybrid_score,1.180747173,-0.6251151391,0.6282886985,1.561233966,2.323190573,0.3687026944,3.20243706,1.888847508,0.656536609,0.343463391,126,6.03514565,0.03269966664,68.33349057,65,0.52,553,42.44444444,45,0,553,2021,expanding_past
55,hybrid_score_conservative,1.130467168,-0.6353263202,0.6257208239,1.52769516,2.272541289,0.3824142242,2.956132635,1.779348867,0.6301298548,0.3698701452,77,4.828627119,0.02616249985,60.22053548,35,0.4605263158,553,43.45454545,44,0,553,2021,expanding_past
56,buy_hold,1.352040309,-0.8378314303,0.7494799648,1.521225659,2.262784203,0.4463174567,3.029324283,1.613737872,1,0,1,0.184378532,0.000999000999,102.9353374,0,0,1080,37.19607843,51,0,1080,2021,expanding_past
57,weekly_price,1.258161443,-0.767290079,0.6208491314,1.621967435,2.492702123,0.4139647906,3.039295784,1.639746788,0.6710459828,0.3289540172,23,4.242734401,0.02298801199,82.55010832,8,0.3636363636,1055,38.12,50,0,1055,2021,expanding_past
58,monthly_10m,1.108934759,-0.7289900897,0.645974633,1.477468896,2.259327915,0.4568871039,2.427152682,1.521193189,0.7230924709,0.2769075291,11,2.029085745,0.01099400599,56.99557055,0,0,1105,40.59574468,47,0,1105,2021,expanding_past
59,weekly_price_vol,0.8854599892,-0.4151333624,0.3796934805,1.860115316,2.936770369,0.1941851113,4.559875797,2.132953092,0.4385749517,0.5614250483,181,4.279698883,0.02318829319,31.06475802,68,0.3777777778,511,29.484375,64,0,511,2021,expanding_past
60,original,0.5954435951,-0.4143262279,0.6453244767,1.043898797,1.602598703,0.231373372,2.573518249,1.437137104,0.6809452459,0.3190547541,5,2.986341186,0.002984297147,1.594933537,0,0,31,10.33333333,9,262,262,2021,next_year_holdout
61,improved,0.4227747248,-0.4564399368,0.6549113125,0.8630769381,1.312810086,0.2696301495,1.567980159,0.9262439385,0.7184892916,0.2815107084,8,2.677630367,0.002675797629,1.422431383,0,0,31,10.33333333,9,262,262,2021,next_year_holdout
62,confirm2,0.3961808919,-0.4708314101,0.6561994025,0.8338896958,1.266608151,0.2833258831,1.398322269,0.8414495792,0.7208004859,0.2791995141,8,2.672562644,0.002670733375,1.395861995,0,0,31,10.33333333,9,262,262,2021,next_year_holdout
63,buffer1,0.4119778996,-0.4648482839,0.6559439547,0.8511338772,1.293258708,0.2780181414,1.48183819,0.8862631399,0.7200692971,0.2799307029,8,2.670193623,0.002668365975,1.411644523,0,0,31,10.33333333,9,262,262,2021,next_year_holdout
64,confirm2_buffer1,0.4092913415,-0.4669363788,0.6569633565,0.8478929365,1.289703802,0.2783077479,1.470643001,0.8765462706,0.7214516238,0.2785483762,8,2.670079116,0.002668251547,1.408960436,0,0,31,10.33333333,9,262,262,2021,next_year_holdout
65,weekly,0.3929117152,-0.4678411418,0.6565552264,0.8301817871,1.262554064,0.2772906839,1.41696688,0.8398400229,0.7184153839,0.2815846161,8,2.655349111,0.002653531623,1.392595799,0,0,31,10.33333333,9,262,262,2021,next_year_holdout
66,hybrid_score,0.4808800324,-0.4250398453,0.6496904892,0.9266706386,1.407917598,0.2508697006,1.916851781,1.131376358,0.7236511323,0.2763488677,13,3.117066986,0.00311493347,1.480482107,2,0.1538461538,31,10.33333333,9,262,262,2021,next_year_holdout
67,hybrid_score_conservative,0.434549912,-0.4441571272,0.6469084324,0.8786614984,1.335274355,0.26034186,1.669151139,0.9783697828,0.6937899269,0.3062100731,11,3.39943733,0.003397110542,1.434195638,2,0.1818181818,31,10.33333333,9,262,262,2021,next_year_holdout
68,buy_hold,0.5977160121,-0.530832087,0.7882277075,0.9866285156,1.477781303,0.2595001817,2.30333562,1.125998271,1,0,0,0,0,1.597203671,0,0,189,27.36363636,11,53,189,2021,next_year_holdout
69,weekly_price,0.6325100425,-0.4007288709,0.6536436557,1.073868193,1.655185076,0.2256468311,2.803097387,1.578398984,0.701369863,0.298630137,3,3.001055109,0.002999000999,1.63196248,0,0,31,10.33333333,9,262,262,2021,next_year_holdout
70,monthly_10m,0.5977160121,-0.530832087,0.7882277075,0.9866285156,1.477781303,0.2595001817,2.30333562,1.125998271,1,0,0,0,0,1.597203671,0,0,189,27.36363636,11,53,189,2021,next_year_holdout
71,weekly_price_vol,0.2580773073,-0.2626300884,0.3585607848,0.8190569023,1.215799164,0.1385026417,1.863338519,0.9826646633,0.3841902211,0.6158097789,38,2.870294936,0.002868330326,1.257879626,7,0.1842105263,31,11.625,8,262,262,2021,next_year_holdout
72,original,0.9185085126,-0.8221245546,0.6572142639,1.324895188,1.956891527,0.4301214693,2.135463068,1.117237659,0.7468646508,0.2531353492,36,3.232335107,0.02074358245,65.45246925,6,0.1714285714,1113,39.45098039,51,262,1113,2022,expanding_past
73,improved,1.074529695,-0.6295798235,0.6342774435,1.472515447,2.199212349,0.3541312736,3.034269421,1.706740996,0.6744931907,0.3255068093,56,3.36594329,0.02160101594,108.1032972,8,0.1454545455,552,37.03703704,54,262,552,2022,expanding_past
74,confirm2,1.076690851,-0.6408449585,0.6372290043,1.470211724,2.197242576,0.3548209578,3.03446239,1.680111292,0.6753671237,0.3246328763,54,3.191925831,0.02048425502,108.8280645,8,0.1509433962,552,37.03703704,54,262,552,2022,expanding_past
75,buffer1,1.07445842,-0.6444489126,0.6351905106,1.471286587,2.195955248,0.3619477334,2.968545788,1.667251505,0.6832353765,0.3167646235,50,2.805873371,0.01800675478,108.0794639,4,0.08163265306,552,37.03703704,54,262,552,2022,expanding_past
76,confirm2_buffer1,1.124657396,-0.6420983149,0.6337198215,1.511068272,2.259864346,0.3441019782,3.26838399,1.751534571,0.6751993519,0.3248006481,48,2.727570257,0.0175042428,126.0038623,3,0.06382978723,551,36.96296296,54,262,551,2022,expanding_past
77,weekly,1.040652966,-0.6577031317,0.6432980108,1.435529784,2.132797686,0.3651777024,2.849716615,1.582253324,0.6799081115,0.3200918885,47,3.146593221,0.02019333199,97.26362276,4,0.08695652174,555,37.07407407,54,262,555,2022,expanding_past
78,hybrid_score,1.053201647,-0.6251151391,0.6315687247,1.459716606,2.179110017,0.3529495868,2.984000227,1.684812255,0.6669874627,0.3330125373,139,5.580752001,0.03581460011,101.1665101,67,0.4855072464,553,37.09259259,54,262,553,2022,expanding_past
79,hybrid_score_conservative,1.003221943,-0.6353263202,0.6289694265,1.423870304,2.125094902,0.3660910758,2.740361645,1.579065609,0.6400427926,0.3599572074,88,4.606078368,0.02955961039,86.36802928,37,0.4252873563,553,37.83018868,53,262,553,2022,expanding_past
80,buy_hold,1.214587725,-0.8378314303,0.7555027,1.434396131,2.135717514,0.4226897585,2.873473276,1.449680307,1,0,1,0.1556677111,0.000999000999,164.4086988,0,0,1080,35.4516129,62,53,1080,2022,expanding_past
81,weekly_price,1.146913948,-0.767290079,0.6259520584,1.532853145,2.356472958,0.3906542118,2.935880155,1.494759256,0.6757679181,0.3242320819,26,4.04938417,0.02598701299,134.7186795,8,0.32,1055,33.88135593,59,262,1055,2022,expanding_past
82,monthly_10m,1.019711707,-0.7289900897,0.6699344262,1.383552197,2.10556387,0.4321187654,2.359795011,1.398800507,0.7662116041,0.2337883959,11,1.713123161,0.01099400599,91.03353453,0,0,1105,38.0862069,58,53,1105,2022,expanding_past
83,weekly_price_vol,0.7703385912,-0.4151333624,0.3764879097,1.705303602,2.667785355,0.1866098189,4.128071051,1.855641249,0.4301063396,0.5698936604,219,4.060231118,0.02605662352,39.07572619,75,0.3440366972,511,27.5,72,262,511,2022,expanding_past
84,original,-0.6302176302,-0.6478361395,0.5316943118,-1.596425628,-1.99602849,0.4315578026,-1.46033191,-0.9728040653,0.7038188912,0.2961811088,4,2.480781277,0.002479083274,0.370034252,1,0.25,2,2,1,277,277,2022,next_year_holdout
85,improved,-0.338937383,-0.3778025603,0.2014335863,-1.949405864,-2.128493353,0.2808621839,-1.206774719,-0.8971283379,0.1036872433,0.8963127567,7,3.207533997,0.003205338559,0.661249925,2,0.2857142857,,,0,364,364,2022,next_year_holdout
86,confirm2,-0.360847971,-0.3646552025,0.2072882223,-2.050779643,-2.230350042,0.2966885504,-1.216251758,-0.9895593661,0.1037954852,0.8962045148,7,3.201393826,0.003199202592,0.6393478788,2,0.2857142857,,,0,364,364,2022,next_year_holdout
87,buffer1,-0.3616570785,-0.3717465107,0.2134540474,-1.991319398,-2.17565663,0.2971143348,-1.217232008,-0.9728593762,0.1092902962,0.8907097038,7,3.210955498,0.003208757718,0.638539077,2,0.2857142857,,,0,364,364,2022,next_year_holdout
88,confirm2_buffer1,-0.3118703209,-0.3354356674,0.2024906469,-1.740700348,-1.943329936,0.257758548,-1.209932021,-0.9297470462,0.1097610107,0.8902389893,7,3.200326411,0.003198135907,0.6883057507,2,0.2857142857,,,0,364,364,2022,next_year_holdout
89,weekly,-0.3500345899,-0.3604126127,0.2221664261,-1.823776841,-2.052461976,0.2881360086,-1.214824179,-0.9712051621,0.1158220082,0.8841779918,7,3.214610935,0.003212410654,0.6501571074,2,0.2857142857,,,0,364,364,2022,next_year_holdout
90,hybrid_score,-0.2764540474,-0.2809340812,0.1102045208,-2.879006427,-3.000446489,0.1884828148,-1.46673344,-0.9840530784,0.07586821945,0.9241317806,29,7.553323939,0.00754815397,0.7237062257,21,0.724137931,,,0,364,364,2022,next_year_holdout
91,hybrid_score_conservative,-0.1599306825,-0.1615414973,0.0846523025,-2.014961932,-2.063904464,0.1348072079,-1.186365959,-0.9900284766,0.03253014323,0.9674698568,7,3.453088898,0.003450725387,0.8401695285,4,0.5714285714,2,2,1,277,277,2022,next_year_holdout
92,buy_hold,-0.6437815639,-0.6686650931,0.637879723,-1.293071573,-1.68758139,0.4601670564,-1.399017063,-0.9627862596,1,0,0,0,0,0.3564701969,0,0,,,0,364,364,2022,next_year_holdout
93,weekly_price,-0.3258732988,-0.3629760894,0.2396071346,-1.519900636,-1.737536071,0.1795308058,-1.815138619,-0.8977817225,0.05753424658,0.9424657534,4,4.000740356,0.003998001998,0.6743086787,2,0.5,2,2,1,277,277,2022,next_year_holdout
94,monthly_10m,0.02498396343,0,0.02497519988,1.000342407,,0,,,0.002739726027,0.997260274,1,1.000684932,0.001,1.024966651,0,0,,,0,0,0,2022,next_year_holdout
95,weekly_price_vol,-0.231024597,-0.2624114287,0.1760397981,-1.40068319,-1.604456674,0.1143726352,-2.01992895,-0.8803907597,0.03554319237,0.9644568076,5,2.623539661,0.002621743946,0.7691136816,2,0.4,2,2,1,277,277,2022,next_year_holdout
96,original,0.5368273552,-0.8221245546,0.6423830654,0.9948184972,1.44466057,0.4493620351,1.194643324,0.6529756984,0.7410648346,0.2589351654,40,3.131073701,0.02322266573,24.2196555,7,0.1794871795,1113,39.45098039,51,627,1113,2023,expanding_past
97,improved,0.7782767217,-0.6295798235,0.5950617415,1.269169982,1.884285877,0.3794444276,2.051095404,1.236184345,0.5975850435,0.4024149565,63,3.344599845,0.0248063545,71.48329715,10,0.1612903226,552,37.03703704,54,627,627,2023,expanding_past
98,confirm2,0.7718146432,-0.6408449585,0.5980781885,1.259627745,1.870573337,0.3833169525,2.013515547,1.204370313,0.5983558103,0.4016441897,61,3.193201511,0.02368345762,69.57899217,10,0.1666666667,552,37.03703704,54,627,627,2023,expanding_past
99,buffer1,0.7698643718,-0.6444489126,0.5964897022,1.259635816,1.86760194,0.3880444204,1.983959391,1.194608846,0.6059042749,0.3940957251,57,2.860452543,0.02121551249,69.01296111,6,0.1071428571,552,37.03703704,54,627,627,2023,expanding_past
100,confirm2_buffer1,0.8252385104,-0.6420983149,0.594584006,1.313658464,1.953952022,0.3694487868,2.233702044,1.285221424,0.5990144148,0.4009855852,55,2.791267561,0.02070237871,86.729183,5,0.09259259259,551,36.96296296,54,627,627,2023,expanding_past
101,weekly,0.7491282162,-0.6577031317,0.6043606498,1.23180695,1.81916543,0.3909200987,1.916320544,1.139006613,0.6039053696,0.3960946304,54,3.15575766,0.02340574265,63.23663563,6,0.1132075472,555,37.07407407,54,627,627,2023,expanding_past
102,hybrid_score,0.7840245108,-0.6251151391,0.5892695706,1.281158387,1.909107183,0.3651385309,2.147197418,1.254208164,0.5873423819,0.4126576181,168,5.846528582,0.04336275408,73.21483317,88,0.5269461078,553,37.09259259,54,627,627,2023,expanding_past
103,hybrid_score_conservative,0.7818773144,-0.6353263202,0.5861800881,1.282751016,1.912409812,0.3739929167,2.09062065,1.230670428,0.5581889288,0.4418110712,95,4.450729104,0.03301033578,72.56378644,41,0.4361702128,553,37.83018868,53,627,627,2023,expanding_past
104,buy_hold,0.7312887784,-0.8378314303,0.7414219802,1.11480974,1.6369168,0.4509918677,1.621512118,0.8728352171,1,0,1,0.1346936563,0.000999000999,58.60680125,0,0,1080,35.4516129,62,418,1080,2023,expanding_past
105,weekly_price,0.8366759806,-0.767290079,0.5893057439,1.325536505,2.02115265,0.3878533158,2.157196926,1.090429817,0.592469546,0.407530454,30,4.042830093,0.02998501499,90.84197475,10,0.3448275862,1055,33.88135593,59,627,1055,2023,expanding_past
106,monthly_10m,0.8433163218,-0.7289900897,0.6234277817,1.291841771,1.966807019,0.4164330966,2.025094376,1.156828239,0.6633444075,0.3366555925,12,1.617132037,0.01199400599,93.30633703,0,0,1105,38.0862069,58,418,1105,2023,expanding_past
107,weekly_price_vol,0.5822040582,-0.4151333624,0.3564489808,1.465285233,2.262426826,0.1944804511,2.993637946,1.40245066,0.3769444538,0.6230555462,224,3.866656964,0.02867836746,30.05367564,77,0.3452914798,511,27.5,72,627,627,2023,expanding_past
108,original,0.7838568978,-0.2668295317,0.3925562234,1.668873216,2.805780781,0.1524633037,5.141282386,2.937669203,0.7611664784,0.2388335216,8,3.961912687,0.003959200905,1.78315036,1,0.125,235,16.45,20,23,235,2023,next_year_holdout
109,improved,0.4167426359,-0.234437056,0.3701991551,1.124109777,1.809981544,0.1279768839,3.25638993,1.777631246,0.7106016083,0.2893983917,15,5.900960472,0.005896921484,1.416404869,3,0.2,234,19,17,23,234,2023,next_year_holdout
110,confirm2,0.4087583009,-0.2321697745,0.3700444987,1.10913514,1.785564368,0.1267127108,3.225866595,1.760600843,0.7080750287,0.2919249713,15,5.913240905,0.005909193512,1.408427885,3,0.2,234,18.94117647,17,23,234,2023,next_year_holdout
111,buffer1,0.4113228414,-0.2349137365,0.3711339235,1.111867022,1.789521945,0.1269285588,3.240585454,1.750952701,0.7324818949,0.2675181051,14,4.42747665,0.004424446208,1.410990068,1,0.07142857143,234,18.94117647,17,23,234,2023,next_year_holdout
112,confirm2_buffer1,0.4131961358,-0.2219667586,0.3713093904,1.115077484,1.798557946,0.120659792,3.424472468,1.861522592,0.7301718496,0.2698281504,14,4.454968153,0.004451918894,1.412861638,1,0.07142857143,234,20.0625,16,23,234,2023,next_year_holdout
113,weekly,0.3734800222,-0.208433465,0.3642492074,1.051341621,1.685410533,0.1191248063,3.135199408,1.79184289,0.6982687916,0.3017312084,14,5.951629094,0.005947555426,1.373181717,3,0.2142857143,235,20.125,16,23,235,2023,next_year_holdout
114,hybrid_score,0.4345098477,-0.2342632363,0.3671000438,1.164504656,1.880256854,0.1271670041,3.416844258,1.854793158,0.7385966552,0.2614033448,26,6.392733746,0.006388358158,1.434155611,9,0.3461538462,234,18,18,23,234,2023,next_year_holdout
115,hybrid_score_conservative,0.3479782207,-0.2644794047,0.3654465385,0.9976956013,1.607405386,0.1487857517,2.338787261,1.315710087,0.7173938508,0.2826061492,23,6.935037341,0.006930290566,1.347702743,9,0.3913043478,235,19.05882353,17,23,235,2023,next_year_holdout
116,buy_hold,1.556507732,-0.2004055704,0.4374165295,2.363669231,4.148159627,0.08550361352,18.20399943,7.766788761,1,0,0,0,0,2.554865791,0,0,102,10.66666667,30,23,102,2023,next_year_holdout
117,weekly_price,0.3467462324,-0.2695065401,0.3803712093,0.9705060352,1.565515376,0.1573118119,2.204197054,1.286596727,0.7452054795,0.2547945205,5,5.000425602,0.004997002997,1.346471849,1,0.2,24,6,14,261,261,2023,next_year_holdout
118,monthly_10m,0.7781954204,-0.2004055704,0.4137489723,1.595804588,2.702931569,0.08543187681,9.108958499,3.883102744,0.9123287671,0.08767123288,1,0.9996852463,0.000999000999,1.777494992,0,0,102,13.54545455,22,23,102,2023,next_year_holdout
119,weekly_price_vol,0.2794569857,-0.244248046,0.3363100435,0.8992955358,1.428916885,0.1368530882,2.042021772,1.144152391,0.6678576839,0.3321423161,31,6.127439134,0.006123245131,1.27924119,11,0.3548387097,235,20.125,16,23,235,2023,next_year_holdout
120,original,0.5642694566,-0.8221245546,0.6179770342,1.037195358,1.515325739,0.4685588851,1.204265834,0.686355192,0.7434516596,0.2565483404,48,3.229725695,0.02718186663,43.18728741,8,0.170212766,1113,39.45098039,51,992,1113,2024,expanding_past
121,improved,0.7309276982,-0.6295798235,0.5729801724,1.247812284,1.859435785,0.3949125574,1.850859601,1.160977005,0.6110043819,0.3889956181,78,3.648136484,0.03070327598,101.2492901,13,0.1688311688,552,37.03703704,54,992,992,2024,expanding_past
122,confirm2,0.7242258936,-0.6408449585,0.5757299966,1.237798175,1.844860176,0.4018135412,1.802392949,1.130110932,0.611383629,0.388616371,76,3.516173007,0.02959265113,97.99699281,13,0.1733333333,552,37.03703704,54,992,992,2024,expanding_past
123,buffer1,0.7229252834,-0.6444489126,0.5743584937,1.238150617,1.842617499,0.4047343347,1.786172364,1.121772835,0.6209338231,0.3790661769,71,3.046517539,0.0256399587,97.37660267,7,0.1,552,37.03703704,54,992,992,2024,expanding_past
124,confirm2_buffer1,0.7706218264,-0.6420983149,0.572633057,1.287907839,1.922800985,0.383548783,2.009188559,1.200161733,0.6145877602,0.3854122398,69,2.988811711,0.0251542976,122.5363355,6,0.08823529412,551,36.96296296,54,992,992,2024,expanding_past
125,weekly,0.6996294978,-0.6577031317,0.5810522551,1.207346325,1.789331129,0.4070768062,1.71866706,1.063746642,0.6151098749,0.3848901251,68,3.487733286,0.02935329807,86.83539192,9,0.1343283582,555,37.07407407,54,992,992,2024,expanding_past
126,hybrid_score,0.7384278455,-0.6251151391,0.5674401624,1.261923395,1.887347653,0.3717186817,1.986523363,1.181266937,0.6053019817,0.3946980183,194,5.911383782,0.04975111224,105.0014638,97,0.5025906736,553,37.09259259,54,992,992,2024,expanding_past
127,hybrid_score_conservative,0.7238019992,-0.6353263202,0.5644970619,1.250553423,1.871084662,0.3735454542,1.937654417,1.139260214,0.5770925711,0.4229074289,118,4.745710401,0.03994062634,97.79441402,50,0.4273504274,553,37.83018868,53,992,992,2024,expanding_past
128,buy_hold,0.8132979211,-0.8378314303,0.7121027343,1.19528587,1.766884061,0.4680758413,1.737534496,0.9707178457,1,0,1,0.1187004277,0.000999000999,149.7325116,0,0,1080,35.4516129,62,783,1080,2024,expanding_past
129,weekly_price,0.7702435084,-0.767290079,0.5685233798,1.287945358,1.969396844,0.3905103989,1.972402043,1.003849169,0.6106050748,0.3893949252,35,4.156532878,0.03498201798,122.3161617,11,0.3235294118,1055,33.88135593,59,992,1055,2024,expanding_past
130,monthly_10m,0.8354609065,-0.7289900897,0.6023136559,1.308521385,2.002844185,0.3967308439,2.105863255,1.146052489,0.6929082628,0.3070917372,13,1.543817763,0.01299300699,165.8515468,0,0,1105,44.86363636,66,23,1105,2024,expanding_past
131,weekly_price_vol,0.5428030857,-0.4151333624,0.3540844832,1.401343686,2.169982793,0.2046676671,2.652119377,1.307539058,0.411486851,0.588513149,255,4.135097268,0.03480161259,38.44589979,88,0.3464566929,511,27.5,72,992,992,2024,expanding_past
132,original,0.9530682719,-0.2293081301,0.451576212,1.706406069,2.823746903,0.1292359942,7.374634888,4.156277719,0.7237067471,0.2762932529,9,4.970593907,0.004980800466,1.955754691,3,0.3333333333,243,20.6875,16,14,243,2024,next_year_holdout
133,improved,0.9751488717,-0.2378876258,0.4560812839,1.718736793,2.834555036,0.1291557713,7.550176519,4.099199646,0.7658210345,0.2341789655,9,3.433144164,0.003440193742,1.977911321,2,0.2222222222,243,20.6875,16,14,243,2024,next_year_holdout
134,confirm2,1.053506964,-0.2348813361,0.4589785391,1.795610635,2.977785212,0.1180127669,8.927059265,4.48527321,0.7630590601,0.2369409399,9,3.522547595,0.003529780752,2.056543291,2,0.2222222222,242,20.625,16,14,242,2024,next_year_holdout
135,buffer1,0.9104898061,-0.2639012103,0.4527851702,1.654252937,2.73588027,0.1399083878,6.507757114,3.450116069,0.7389344956,0.2610655044,9,3.471017589,0.003478144935,1.913031072,1,0.1111111111,243,20.6875,16,14,243,2024,next_year_holdout
136,confirm2_buffer1,1.009671378,-0.2527740608,0.4580922663,1.750988318,2.904265812,0.1279397934,7.891769643,3.994363088,0.7391674688,0.2608325312,9,3.498680647,0.003505864796,2.012553715,1,0.1111111111,242,20.625,16,14,242,2024,next_year_holdout
137,weekly,1.015910498,-0.2573260655,0.4671625496,1.732235859,2.894167225,0.1310905856,7.749683119,3.947950225,0.7804745344,0.2195254656,7,3.034174796,0.003040405134,2.018814634,1,0.1428571429,242,20.625,16,14,242,2024,next_year_holdout
138,hybrid_score,0.9072833302,-0.2684169675,0.4441122598,1.674304466,2.759029133,0.1494548088,6.070619859,3.380126594,0.7205635712,0.2794364288,31,7.859155571,0.007875293467,1.909813743,20,0.6451612903,243,20.6875,16,14,243,2024,next_year_holdout
139,hybrid_score_conservative,0.8944667882,-0.2733431119,0.4427128636,1.662932961,2.744626596,0.1517060753,5.896051207,3.2723224,0.6978909774,0.3021090226,23,8.87997479,0.008898208824,1.896953934,17,0.7391304348,243,20.6875,16,14,243,2024,next_year_holdout
140,buy_hold,1.208531265,-0.263303332,0.5294494217,1.75928255,2.868667432,0.1148705846,10.52080713,4.589882157,1,0,0,0,0,2.212127374,0,0,238,20.375,16,14,238,2024,next_year_holdout
141,weekly_price,0.5797215184,-0.4109948773,0.4790239466,1.192044188,1.879936511,0.2060412447,2.813618794,1.410532224,0.8087431694,0.1912568306,6,5.984714056,0.005997002997,1.581205429,2,0.3333333333,277,33.7,10,14,277,2024,next_year_holdout
142,monthly_10m,1.208531265,-0.263303332,0.5294494217,1.75928255,2.868667432,0.1148705846,10.52080713,4.589882157,1,0,0,0,0,2.212127374,0,0,238,20.375,16,14,238,2024,next_year_holdout
143,weekly_price_vol,0.556504144,-0.3642602065,0.3905944742,1.326222793,2.15281915,0.1791669903,3.106064031,1.527765411,0.6392334508,0.3607665492,44,6.498478258,0.006511822156,1.55791888,19,0.4318181818,268,27.83333333,12,14,268,2024,next_year_holdout
144,original,0.601653992,-0.8221245546,0.6024114232,1.086886356,1.59836094,0.4541559454,1.324774008,0.7318282718,0.7413508927,0.2586491073,57,3.414945976,0.0321626671,84.46373993,11,0.1964285714,1333,62.05555556,54,14,1333,2025,expanding_past
145,improved,0.7554061092,-0.6295798235,0.5616443334,1.286051634,1.928685574,0.3782548326,1.997082507,1.199857557,0.6274761536,0.3725238464,87,3.625262301,0.03414346972,200.2621171,15,0.1744186047,1063,52.95238095,63,14,1063,2025,expanding_past
146,confirm2,0.7565874857,-0.6408449585,0.5644026202,1.283660943,1.926100674,0.3850255727,1.965031778,1.18060925,0.6275211894,0.3724788106,85,3.516851234,0.03312243188,201.5350581,15,0.1785714286,1307,54.67213115,61,14,1307,2025,expanding_past
147,buffer1,0.7419724593,-0.6444489126,0.5626176677,1.271151797,1.90406344,0.3883019336,1.910813197,1.151328592,0.6334885458,0.3665114542,80,3.09168237,0.02911810364,186.2844666,8,0.1012658228,1065,53.80645161,62,14,1065,2025,expanding_past
148,confirm2_buffer1,0.7946405487,-0.6420983149,0.5615015472,1.325683618,1.992431705,0.3673211312,2.163340143,1.237568345,0.6278424618,0.3721575382,78,3.043059394,0.0286601624,246.6109574,7,0.09090909091,1056,52,64,14,1056,2025,expanding_past
149,weekly,0.7307724058,-0.6577031317,0.5699614195,1.250945291,1.868046288,0.3907538053,1.870160689,1.111097653,0.6327039055,0.3672960945,75,3.439476772,0.03239370321,175.3045599,10,0.1351351351,1308,54.72131148,61,14,1308,2025,expanding_past
150,hybrid_score,0.7556582899,-0.6251151391,0.5555665777,1.294162237,1.947072037,0.3561004422,2.122036932,1.20883057,0.6175652787,0.3824347213,225,6.118617641,0.05762640571,200.5332386,117,0.5223214286,1051,50.53030303,66,14,1051,2025,expanding_past
151,hybrid_score_conservative,0.7412035683,-0.6353263202,0.552761876,1.282928774,1.931111266,0.357477415,2.073427683,1.166650184,0.5899449597,0.4100550403,141,5.185576902,0.04883883517,185.5114984,67,0.4785714286,1050,51.32307692,65,14,1050,2025,expanding_past
152,buy_hold,0.8517410926,-0.8378314303,0.694892652,1.237181401,1.83879356,0.4460202932,1.909646502,1.016601982,1,0,1,0.1060712543,0.000999000999,331.2273877,0,0,1080,46.06944444,72,14,1080,2025,expanding_past
153,weekly_price,0.7489262531,-0.767290079,0.5596256706,1.277773987,1.958224816,0.376792283,1.98763692,0.9760666449,0.6316860465,0.3683139535,41,4.351042852,0.04097902098,193.406979,13,0.325,1055,51.33846154,65,14,1055,2025,expanding_past
154,monthly_10m,0.8719528266,-0.7289900897,0.5949194295,1.350414637,2.077163336,0.3768993831,2.313489662,1.196110673,0.7255813953,0.2744186047,13,1.379562734,0.01299300699,366.8847466,0,0,1105,39.90361446,83,14,1105,2025,expanding_past
155,weekly_price_vol,0.5442550627,-0.4151333624,0.3580853583,1.392170112,2.167793035,0.2026002626,2.686349246,1.311036674,0.4357180299,0.5642819701,299,4.386550012,0.04131343475,59.89559313,108,0.3624161074,1037,40.37804878,82,14,1037,2025,expanding_past
156,original,-0.05707890586,-0.2124422179,0.2505812261,-0.1094936941,-0.1544073563,0.147094655,-0.3880420119,-0.2686796741,0.5256917904,0.4743082096,9,4.949921782,0.004946533745,0.9429590265,3,0.3333333333,11,7,2,344,344,2025,next_year_holdout
157,improved,-0.003610887153,-0.2192863992,0.2569286837,0.1141230819,0.1617468012,0.1355898435,-0.02663095597,-0.01646653494,0.5594020447,0.4405979553,8,2.975510838,0.002973474212,0.9963915799,0,0,11,7,2,344,344,2025,next_year_holdout
158,confirm2,0.01275788853,-0.2124150863,0.257442949,0.1776928805,0.2525992662,0.1255380338,0.1016256838,0.06006112255,0.5614658185,0.4385341815,8,2.965301601,0.002963271963,1.012749101,0,0,204,72.66666667,3,140,204,2025,next_year_holdout
159,buffer1,0.05581749655,-0.2075708209,0.2628960454,0.3376747253,0.487192795,0.1129266827,0.4942808487,0.2689082035,0.5827685094,0.4172314906,11,3.470096687,0.003467721535,1.055778245,1,0.09090909091,174,43.4,5,140,174,2025,next_year_holdout
160,confirm2_buffer1,0.02787311022,-0.2130122576,0.26825338,0.2363999362,0.3351090748,0.1249785102,0.2230232235,0.1308521422,0.613996156,0.386003844,9,2.961681566,0.002959654406,1.027853769,0,0,11,7,2,344,344,2025,next_year_holdout
161,weekly,0.002055155664,-0.2075708209,0.2848000452,0.1491037838,0.213366492,0.127536931,0.01611420039,0.009900985385,0.5649434177,0.4350565823,7,2.969465608,0.002967433119,1.002053748,0,0,11,7,2,344,344,2025,next_year_holdout
162,hybrid_score,-0.006486644531,-0.1858703563,0.2627425569,0.1064339315,0.1500641656,0.1219520256,-0.05319013357,-0.03489875773,0.5856192038,0.4143807962,25,6.394112313,0.006389735782,0.9935177809,12,0.48,204,72.66666667,3,140,204,2025,next_year_holdout
163,hybrid_score_conservative,0.004259786239,-0.1808793096,0.2587686819,0.1456514328,0.2055859544,0.1192678125,0.03571614295,0.02355043398,0.5712657272,0.4287342728,18,5.917322547,0.00591327236,1.004256864,8,0.4444444444,204,72.66666667,3,140,204,2025,next_year_holdout
164,buy_hold,-0.06292605768,-0.320846204,0.4193216006,0.05389090458,0.0770344248,0.1463491152,-0.4299722454,-0.196125299,1,0,0,0,0,0.9371156293,0,0,117,29.55555556,9,86,117,2025,next_year_holdout
165,weekly_price,-0.1139184855,-0.2601454154,0.3126459017,-0.2308753359,-0.3246626791,0.1567276278,-0.7268564394,-0.4379031064,0.6301369863,0.3698630137,9,9.002165643,0.008996003996,0.8861548702,5,0.5555555556,171,36,6,140,171,2025,next_year_holdout
166,monthly_10m,-0.07469978054,-0.320846204,0.4075508112,0.01265636421,0.01795661546,0.149683441,-0.4990517323,-0.2328211449,0.9178082192,0.08219178082,1,1.000684932,0.001,0.9253493909,0,0,117,29.55555556,9,86,117,2025,next_year_holdout
167,weekly_price_vol,-0.1480796095,-0.2601454154,0.2958349498,-0.3939268012,-0.5446908557,0.1557728478,-0.9506124564,-0.5692186013,0.5892893531,0.4107106469,23,9.340509288,0.009334116058,0.8520138458,12,0.5217391304,174,43.4,5,140,174,2025,next_year_holdout
168,original,0.522287464,-0.8221245546,0.578098295,1.019398845,1.498127679,0.4342792466,1.202653519,0.6352899461,0.7206634887,0.2793365113,66,3.562190699,0.03710920084,79.64584598,14,0.2153846154,1333,62.05555556,54,379,1333,2026,expanding_past
169,improved,0.6625879768,-0.6295798235,0.5400070832,1.214480965,1.819271187,0.3621662177,1.829513479,1.052428861,0.6209460486,0.3790539514,95,3.562933974,0.03711694394,199.5394873,15,0.1595744681,1063,52.95238095,63,379,1063,2026,expanding_past
170,confirm2,0.6662019006,-0.6408449585,0.5426198168,1.215198871,1.821396838,0.3682051316,1.809322694,1.039567982,0.6211847346,0.3788152654,93,3.463943056,0.03608570384,204.1044489,15,0.1630434783,1307,57.64516129,62,140,1307,2026,expanding_past
171,buffer1,0.6602819751,-0.6444489126,0.5411773232,1.210479841,1.811799204,0.3709110267,1.780162701,1.024568375,0.6286231547,0.3713768453,91,3.127982298,0.03258582517,196.6750873,9,0.1,1065,54.98461538,65,140,1065,2026,expanding_past
172,confirm2_buffer1,0.7012167176,-0.6420983149,0.5403960176,1.25658127,1.886084338,0.3514640273,1.995130833,1.09207064,0.6265142353,0.3734857647,87,3.035253111,0.0316198168,253.480002,7,0.08139534884,1056,52,64,379,1056,2026,expanding_past
173,weekly,0.6423737236,-0.6577031317,0.549139102,1.181247917,1.762176243,0.3736974878,1.718967198,0.9766925116,0.626203885,0.373796115,82,3.394390287,0.03536113633,175.6645913,10,0.1234567901,1308,54.72131148,61,379,1308,2026,expanding_past
174,hybrid_score,0.6623429432,-0.6251151391,0.5345629074,1.22100764,1.834351861,0.3407453781,1.943806096,1.059553515,0.6145008063,0.3854991937,250,6.145044857,0.06401614149,199.2333382,129,0.5180722892,1051,53.34328358,67,140,1051,2026,expanding_past
175,hybrid_score_conservative,0.6516681816,-0.6353263202,0.531735462,1.212525816,1.822567751,0.3419553035,1.90571158,1.025721997,0.588153128,0.411846872,159,5.255770637,0.05475210753,186.3011957,75,0.4746835443,1050,54.16666667,66,140,1050,2026,expanding_past
176,buy_hold,0.7346210693,-0.8378314303,0.6734497149,1.157335472,1.717745059,0.4265427032,1.722268518,0.876812498,1,0,1,0.09589621942,0.000999000999,310.3983619,0,0,1080,46.20512821,78,86,1080,2026,expanding_past
177,weekly_price,0.6384931738,-0.767290079,0.5409539754,1.18227498,1.806801915,0.3615885274,1.765800421,0.832140531,0.6315374507,0.3684625493,50,4.797208376,0.04997502498,171.3885364,18,0.3673469388,1055,51.79710145,69,140,1055,2026,expanding_past
178,monthly_10m,0.7496059394,-0.7289900897,0.5796671954,1.253851504,1.920955433,0.3613983852,2.074181762,1.028280014,0.744021025,0.255978975,14,1.343218345,0.01399300699,339.4965768,0,0,1105,40.43820225,89,86,1105,2026,expanding_past
179,weekly_price_vol,0.4586104508,-0.4151333624,0.3526841036,1.246202753,1.923675061,0.1986254859,2.308920472,1.104730413,0.450449576,0.549550424,322,4.861765554,0.05064755081,51.03187465,121,0.3769470405,1037,41.26744186,86,140,1037,2026,expanding_past
180,original,-0.03109505616,-0.0664009677,0.08891649199,-0.3109489445,-0.4100208197,0.01250789176,-2.486034957,-0.4682922137,0.1490245245,0.8509754755,3,2.55395723,0.0009999065952,0.9877087589,0,0,6,3.5,4,13,13,2026,next_year_holdout
181,improved,-0.03109505616,-0.0664009677,0.08891649199,-0.3109489445,-0.4100208197,0.01250789176,-2.486034957,-0.4682922137,0.1490245245,0.8509754755,3,2.55395723,0.0009999065952,0.9877087589,0,0,6,3.5,4,13,13,2026,next_year_holdout
182,confirm2,-0.03705348158,-0.06579685728,0.08854263684,-0.3822965776,-0.503057225,0.01240481328,-2.987024533,-0.5631497173,0.1418355056,0.8581644944,3,2.555355046,0.001000453858,0.9853262226,0,0,6,3.5,4,13,13,2026,next_year_holdout
183,buffer1,-0.04291502953,-0.06821844649,0.0881140565,-0.4538660461,-0.5944187573,0.01266249798,-3.389144037,-0.6290824805,0.1365796573,0.8634203427,3,2.550550698,0.0009985728948,0.9829736545,0,0,6,3.5,4,13,13,2026,next_year_holdout
184,confirm2_buffer1,-0.04943125127,-0.06168915973,0.08178037237,-0.5791720169,-0.7731944709,0.01220908808,-4.048725911,-0.8012955841,0.1290781535,0.8709218465,3,2.568654723,0.00100566085,0.9803480155,0,0,7,4.333333333,3,13,13,2026,next_year_holdout
185,weekly,-0.04073767589,-0.06615662077,0.08588865813,-0.4414059268,-0.5749334611,0.01227677808,-3.318270937,-0.6157762506,0.1329533238,0.8670466762,3,2.549116443,0.0009980113656,0.9838485695,0,0,5,3.666666667,3,13,13,2026,next_year_holdout
186,hybrid_score,0.009574383348,-0.0664009677,0.09784923216,0.1460992894,0.1981950281,0.01668739644,0.5737493791,0.1441904189,0.1798537373,0.8201462627,6,3.77280334,0.001477100281,1.003737629,1,0.1666666667,80,14.71428571,7,13,80,2026,next_year_holdout
187,hybrid_score_conservative,-0.03109505616,-0.0664009677,0.08891649199,-0.3109489445,-0.4100208197,0.01250789176,-2.486034957,-0.4682922137,0.1490245245,0.8509754755,3,2.55395723,0.0009999065952,0.9877087589,0,0,6,3.5,4,13,13,2026,next_year_holdout
188,buy_hold,-0.2879789411,-0.3457123243,0.5009627932,-0.4273131908,-0.5962402396,0.2308975152,-1.247215419,-0.8330016631,1,0,0,0,0,0.8754857438,0,0,8,8,1,129,129,2026,next_year_holdout
189,weekly_price,-0.02340310408,-0.08132141815,0.1130281065,-0.1533330537,-0.2131884587,0.0161119051,-1.452534876,-0.2877852429,0.1818181818,0.8181818182,1,2.55164416,0.000999000999,0.990771317,0,0,5,3.666666667,3,13,13,2026,next_year_holdout
190,monthly_10m,0,0,0,,,0,,,0,1,0,0,0,1,0,0,,,0,0,0,2026,next_year_holdout
191,weekly_price_vol,-0.0312575122,-0.08132141815,0.1106255354,-0.2320337048,-0.3180535934,0.01608126546,-1.94372217,-0.3843699841,0.177016091,0.822983909,2,2.544576315,0.0009962338481,0.9876439177,0,0,5,3.666666667,3,13,13,2026,next_year_holdout
