,strategy,CAGR,MDD,volatility,Sharpe,Sortino,Ulcer,UPI,Calmar,mean_weight,mean_cash,orders,turnover_pa,fee_sum,final_multiple,reversal_14d_count,reversal_14d_rate,recovery_max_days,recovery_mean_days,recovered_episodes,unrecovered_days,underwater_max_days,period
0,original,0.4975784247,-0.8221245546,0.5678120007,0.9985098247,1.467342419,0.4275490569,1.163792591,0.6052348417,0.6999582273,0.3000417727,69,3.525671604,0.03810910744,78.66689969,14,0.2058823529,1333,62.05555556,54,522,1333,전체기간
1,improved,0.6303870448,-0.6295798235,0.5304448945,1.189703595,1.782018465,0.3563001017,1.769258672,1.001282159,0.6038526398,0.3961473602,98,3.526387958,0.03811685053,197.0868993,15,0.1546391753,1063,52.95238095,63,522,1063,전체기간
2,confirm2,0.6334374705,-0.6408449585,0.5330073349,1.190004661,1.783499205,0.3620746449,1.749466524,0.9884410606,0.6038222879,0.3961777121,96,3.431033207,0.0370861577,201.1094656,15,0.1578947368,1307,57.64516129,62,283,1307,전체기간
3,buffer1,0.6274838394,-0.6444489126,0.5315897002,1.184951427,1.773449706,0.3646175147,1.720937185,0.973675069,0.6108009105,0.3891990895,94,3.107067222,0.03358439807,193.3264293,9,0.09677419355,1065,54.98461538,65,283,1065,전체기간
4,confirm2_buffer1,0.6657271747,-0.6420983149,0.5307906667,1.229750482,1.845753825,0.3455217061,1.926730399,1.036799442,0.608496667,0.391503333,90,3.018352511,0.03262547765,248.4986169,7,0.07865168539,1056,52,64,522,1056,전체기간
5,weekly,0.610694447,-0.6577031317,0.539387529,1.156498469,1.725128305,0.3675442818,1.661553389,0.9285259831,0.6083379199,0.3916620801,85,3.363773732,0.03635914769,172.8273568,10,0.119047619,1308,54.72131148,61,522,1308,전체기간
6,hybrid_score,0.6325850846,-0.6251151391,0.5251551343,1.198848869,1.800916808,0.3356486277,1.884664594,1.011949711,0.5987575108,0.4012424892,256,6.059120202,0.06549324177,199.9779985,130,0.5098039216,1051,53.34328358,67,283,1051,전체기간
7,hybrid_score_conservative,0.6200653774,-0.6353263202,0.5223279448,1.187737275,1.785153762,0.3367191431,1.841491314,0.9759793632,0.5722475073,0.4277524927,162,5.157908601,0.05575201412,184.0113228,75,0.4658385093,1050,54.16666667,66,283,1050,전체기간
8,buy_hold,0.6795679535,-0.8378314303,0.6680016029,1.11290557,1.649646693,0.4254269415,1.597378744,0.8111034379,1,0,1,0.09242277479,0.000999000999,271.7493407,0,0,1080,46.20512821,78,229,1080,전체기간
9,weekly_price,0.6080692432,-0.767290079,0.531535537,1.158461246,1.770218054,0.358355875,1.69683068,0.7924893854,0.615248227,0.384751773,51,4.715872084,0.05097402597,169.8068459,18,0.36,1055,51.79710145,69,283,1055,전체기간
10,monthly_10m,0.7145128207,-0.7289900897,0.5691140076,1.230844164,1.88584523,0.3595928374,1.987005153,0.9801406505,0.7170719352,0.2829280648,14,1.294565807,0.01399300699,339.4965768,0,0,1105,40.43820225,89,229,1105,전체기간
11,weekly_price_vol,0.437148845,-0.4151333624,0.3469013316,1.218405538,1.879967354,0.2010903748,2.173892438,1.053032313,0.4405455769,0.5594544231,324,4.777834941,0.05164378466,50.4013206,121,0.3746130031,1037,41.26744186,86,283,1037,전체기간
12,original,0.7492186567,-0.3133080623,0.5074728329,1.358753344,1.963898711,0.1614969803,4.639211551,2.391316238,0.751763045,0.248236955,15,5.9280216,0.008407159997,2.210055259,2,0.1428571429,189,41.83333333,12,3,189,초기 관측 2015–2016
13,improved,0.7374508716,-0.3133080623,0.5076720657,1.345117712,1.94210912,0.1617852884,4.558207231,2.353756447,0.7217230743,0.2782769257,20,6.239840762,0.008849384024,2.188999004,5,0.2631578947,190,41.91666667,12,3,190,초기 관측 2015–2016
14,confirm2,0.7373895694,-0.3133080623,0.5072889023,1.345684244,1.942465266,0.1616714268,4.561038298,2.353560787,0.7224706525,0.2775293475,19,5.875500953,0.008332674862,2.188889471,5,0.2777777778,190,41.91666667,12,3,190,초기 관측 2015–2016
15,buffer1,0.8370423194,-0.3133080623,0.5078127899,1.454387341,2.122819886,0.1549556621,5.401818223,2.671627131,0.7708227048,0.2291772952,18,5.214938735,0.007395861095,2.369057305,3,0.1764705882,190,41.75,12,3,190,초기 관측 2015–2016
16,confirm2_buffer1,0.8520205422,-0.3133080623,0.5058462725,1.473990532,2.160466445,0.1555420729,5.477749696,2.719433825,0.7707985219,0.2292014781,18,5.224808592,0.007409858592,2.396497985,3,0.1764705882,190,41.66666667,12,3,190,초기 관측 2015–2016
17,weekly,0.7023995209,-0.3133080623,0.509594152,1.301973847,1.874141656,0.1639906641,4.283167731,2.241881412,0.7176700842,0.2823299158,17,5.923471971,0.008400707682,2.126634978,2,0.125,189,41.91666667,12,3,189,초기 관측 2015–2016
18,hybrid_score,0.7324756717,-0.3133080623,0.5076837257,1.339470064,1.929815914,0.164266305,4.459074377,2.337876869,0.7597652376,0.2402347624,37,6.960013885,0.009870738378,2.180114712,15,0.4166666667,190,41.91666667,12,3,190,초기 관측 2015–2016
19,hybrid_score_conservative,0.6910209359,-0.3133080623,0.5072429557,1.292360441,1.861620693,0.1697538932,4.070722166,2.205563849,0.733773959,0.266226041,33,8.025005304,0.01138111635,2.10650464,15,0.46875,190,42,12,3,190,초기 관측 2015–2016
20,buy_hold,1.388026731,-0.3133080623,0.5410539765,1.883124148,2.779952469,0.1349981555,10.28181997,4.430229855,1,0,1,0.7044114187,0.000999000999,3.436669008,0,0,169,27.16666667,18,3,169,초기 관측 2015–2016
21,weekly_price,0.8432952133,-0.3133080623,0.5290011381,1.423386781,2.077934703,0.1740919043,4.843965703,2.691584785,0.8108108108,0.1891891892,9,6.342520414,0.008995004995,2.380501514,4,0.5,190,38.53846154,13,3,190,초기 관측 2015–2016
22,monthly_10m,0.8377036985,-0.3133080623,0.5279282678,1.419408474,2.074414911,0.1445679483,5.794532664,2.673738085,0.8822393822,0.1177606178,3,2.113938668,0.002998001998,2.370267009,0,0,169,31.0625,16,3,169,초기 관측 2015–2016
23,weekly_price_vol,0.903111639,-0.2454700255,0.4165903709,1.754255807,2.662908906,0.130236031,6.934422311,3.679111685,0.6384883161,0.3615116839,45,6.681500674,0.009475749073,2.490795633,16,0.3636363636,184,35.42857143,14,3,184,초기 관측 2015–2016
24,original,1.042974879,-0.8221245546,0.7869773745,1.298580099,1.966158577,0.4429287036,2.354724069,1.268633656,0.7734574229,0.2265425771,9,3.203941779,0.0064034976,4.169666555,4,0.5,55,10.71428571,28,380,380,2017–2018 사이클
25,improved,1.824559009,-0.6295798235,0.7302604344,1.784245841,2.794323343,0.4094231648,4.456413721,2.898058262,0.628976237,0.371023763,14,3.055100933,0.006106019662,7.96680132,3,0.2307692308,55,10.71428571,28,380,380,2017–2018 사이클
26,confirm2,1.872559395,-0.612138489,0.7301905375,1.807480233,2.833878413,0.4006233639,4.674114303,3.059045345,0.6305698502,0.3694301498,13,2.75712763,0.005510480957,8.239686696,3,0.25,55,10.71428571,28,380,380,2017–2018 사이클
27,buffer1,1.831775787,-0.6139043347,0.7288354113,1.789820698,2.80395682,0.4056239897,4.515945393,2.983813086,0.6236368567,0.3763631433,10,1.973986152,0.003945270063,8.007535879,1,0.1111111111,55,10.71428571,28,380,380,2017–2018 사이클
28,confirm2_buffer1,1.966087821,-0.5933495387,0.7266825415,1.856929465,2.916089582,0.3849860824,5.106906225,3.313540658,0.5984300556,0.4015699444,8,1.73974934,0.003477117093,8.784592626,0,0,55,10.71428571,28,380,380,2017–2018 사이클
29,weekly,1.714863592,-0.6577031317,0.7468149938,1.709163442,2.628696643,0.4325769036,3.964297625,2.607352024,0.655690518,0.344309482,9,2.586785931,0.005170030746,7.360414259,2,0.25,55,10.71428571,28,380,380,2017–2018 사이클
30,hybrid_score,1.748933137,-0.6229481117,0.7263319701,1.752468528,2.746106975,0.4074032629,4.292879552,2.807510134,0.5882326485,0.4117673515,46,6.485619719,0.01296236111,7.546180168,30,0.6666666667,55,10.75,28,380,380,2017–2018 사이클
31,hybrid_score_conservative,1.71622947,-0.6353263202,0.7227634705,1.740925203,2.73004901,0.4233111889,4.054297441,2.701335385,0.5565827514,0.4434172486,12,2.986254352,0.005968420745,7.367817263,5,0.4545454545,55,10.75,28,380,380,2017–2018 사이클
32,buy_hold,0.9506287441,-0.8378314303,0.8911434533,1.193695864,1.774979551,0.4539301189,2.094218261,1.134630081,1,0,1,0.4998426231,0.000999000999,3.801473889,0,0,55,10.71428571,28,380,380,2017–2018 사이클
33,weekly_price,1.087894047,-0.767290079,0.7389033895,1.363397469,2.073060396,0.4919487814,2.211396975,1.417839324,0.5684931507,0.4315068493,10,5.000925444,0.009995004995,4.354910711,4,0.4444444444,59,10.89285714,28,380,380,2017–2018 사이클
34,monthly_10m,1.409267474,-0.7289900897,0.7917860516,1.504186813,2.302714898,0.4724664781,2.98278828,1.933177822,0.6671232877,0.3328767123,4,2.000370178,0.003998001998,5.797586844,0,0,55,10.71428571,28,380,380,2017–2018 사이클
35,weekly_price_vol,0.5595469896,-0.4151333624,0.3678595318,1.392501137,2.066882043,0.2384262595,2.346834576,1.347872853,0.2795585891,0.7204414109,64,3.994212652,0.007982957525,2.430707656,27,0.4285714286,124,12.36,25,380,380,2017–2018 사이클
36,original,1.625235316,-0.265619705,0.6270822069,1.849793599,2.990356771,0.1662618151,9.775156822,6.118654923,0.7287671233,0.2712328767,2,2.000370178,0.001999000999,2.623501597,0,0,48,10.92857143,14,188,188,2019 전환기
37,improved,1.310220354,-0.3038142729,0.591196191,1.708042842,2.79759039,0.1828302663,7.166320874,4.312570115,0.5335566748,0.4664433252,6,1.953767127,0.001952429846,2.308896677,0,0,19,5.4,15,188,188,2019 전환기
38,confirm2,1.14677822,-0.3516879336,0.5996586033,1.570405233,2.517208237,0.205290201,5.586132286,3.260783526,0.5338122715,0.4661877285,6,1.980016647,0.001978661399,2.145655947,0,0,19,5.714285714,14,188,188,2019 전환기
39,buffer1,1.10513994,-0.3560532267,0.5995770858,1.537790436,2.463914215,0.2078280672,5.317568291,3.103861606,0.5297120427,0.4702879573,6,1.965731206,0.001964385736,2.104067641,0,0,19,5.642857143,14,188,188,2019 전환기
40,confirm2_buffer1,1.019163264,-0.3613605439,0.5875865042,1.487675306,2.333650143,0.2074070157,4.913832159,2.820350149,0.5294693591,0.4705306409,6,1.949430641,0.001948096329,2.01819236,0,0,19,5.571428571,14,188,188,2019 전환기
41,weekly,1.268356084,-0.3108229514,0.5914168049,1.676626536,2.743602906,0.1842734676,6.883009803,4.08063844,0.5316142196,0.4683857804,6,1.945181192,0.001943849788,2.26708477,0,0,19,5.4,15,188,188,2019 전환기
42,hybrid_score,1.305954899,-0.3022332468,0.5879475354,1.711115671,2.802741677,0.1824838166,7.156551874,4.321016676,0.5294021141,0.4705978859,20,4.950695426,0.00494730686,2.304636581,11,0.55,34,7.785714286,14,188,188,2019 전환기
43,hybrid_score_conservative,1.308865838,-0.2948818485,0.5868542803,1.715359914,2.812708434,0.1808244217,7.238324478,4.438611073,0.5087437109,0.4912562891,12,3.444604998,0.003442247294,2.307543863,6,0.5,19,5.4,15,188,188,2019 전환기
44,buy_hold,0.9427995552,-0.4862220874,0.707689039,1.287214277,2.053500989,0.224985645,4.190487598,1.939030702,1,0,1,0.9996852463,0.000999000999,1.941916613,0,0,48,10.92857143,14,188,188,2019 전환기
45,weekly_price,1.513126091,-0.265619705,0.5887004344,1.856084117,3.06391135,0.160039486,9.454704765,5.696588252,0.5369863014,0.4630136986,2,2.000370178,0.001999000999,2.511541434,0,0,19,5.4,15,188,188,2019 전환기
46,monthly_10m,0.3931029909,-0.4602245207,0.6209936299,0.8407425435,1.304513569,0.2179870596,1.803331774,0.8541548162,0.5863013699,0.4136986301,2,2.000370178,0.001999000999,1.392786901,0,0,19,5.714285714,7,188,188,2019 전환기
47,weekly_price_vol,1.069509899,-0.1260814154,0.3494298321,2.25065658,4.547241765,0.07985662508,13.39287627,8.482692672,0.3066477025,0.6933522975,29,3.103221974,0.003101097935,2.068479916,11,0.3793103448,19,5.0625,16,188,188,2019 전환기
48,original,-6.59789026e-05,-0.7425408428,0.5956253352,0.3122735181,0.4208297307,0.4140369963,-0.0001593550895,-8.885558718e-05,0.7185287051,0.2814712949,16,2.803030187,0.008411009129,0.9998020312,1,0.0625,292,25.23529412,17,627,627,2020–2022 사이클
49,improved,0.210393445,-0.5925364521,0.5307505933,0.6396514856,0.8753161142,0.388337963,0.5417792361,0.3550725769,0.5393289152,0.4606710848,24,2.965164141,0.008897521966,1.773521466,2,0.08333333333,279,22.36842105,19,627,627,2020–2022 사이클
50,confirm2,0.2155247545,-0.5917602163,0.5361970552,0.64606077,0.8901126236,0.3918368657,0.5500369501,0.3642096048,0.5397341445,0.4602658555,24,2.952873422,0.008860641396,1.796178283,2,0.08333333333,276,21.15,20,627,627,2020–2022 사이클
51,buffer1,0.1997831592,-0.5917524179,0.532844229,0.6227311887,0.8509410535,0.3942779787,0.5067063595,0.3376127468,0.5415225535,0.4584774465,24,2.968988146,0.0089089966,1.727278741,2,0.08333333333,277,21.25,20,627,627,2020–2022 사이클
52,confirm2_buffer1,0.2680404617,-0.5690008284,0.5348961705,0.7253311716,1.004013954,0.3744994163,0.7157299852,0.4710721818,0.5413742325,0.4586257675,24,2.954761756,0.008866307692,2.039247439,2,0.08333333333,272,20.0952381,21,627,627,2020–2022 사이클
53,weekly,0.2119132261,-0.5899335969,0.5404263477,0.6397885722,0.880631993,0.3922510325,0.5402489948,0.3592153883,0.5397201409,0.4602798591,23,2.962709189,0.008890155431,1.780211936,2,0.08695652174,277,21.05,20,627,627,2020–2022 사이클
54,hybrid_score,0.2447925513,-0.5215476348,0.5195354263,0.6956642384,0.9597211662,0.349705309,0.6999966687,0.4693579933,0.5245533891,0.4754466109,66,5.525855497,0.01658134873,1.929105739,32,0.4848484848,282,22.52631579,19,627,627,2020–2022 사이클
55,hybrid_score_conservative,0.2648963082,-0.5215476348,0.514846786,0.7284403265,1.004649219,0.356644473,0.7427461471,0.5079043418,0.4927390825,0.5072609175,39,4.40484581,0.01321755238,2.024112411,15,0.3846153846,292,25.23529412,17,627,627,2020–2022 사이클
56,buy_hold,0.3205280005,-0.7666881596,0.7250185574,0.7565618662,1.071726616,0.3887026389,0.8246097876,0.4180682804,1,0,1,0.3329243749,0.000999000999,2.303167325,0,0,189,18.08571429,35,418,418,2020–2022 사이클
57,weekly_price,0.5160501846,-0.5225042168,0.4976611269,1.084390787,1.645992862,0.2636792223,1.957113572,0.987647885,0.5237226277,0.4762773723,10,3.330908371,0.009995004995,3.485494683,2,0.2,169,14,30,627,627,2020–2022 사이클
58,monthly_10m,0.6948463845,-0.530832087,0.5325467788,1.25622099,1.921241134,0.2363135589,2.940357667,1.308975854,0.5830291971,0.4169708029,4,1.332363348,0.003998001998,4.870211871,0,0,189,20.3,30,418,418,2020–2022 사이클
59,weekly_price_vol,0.3382941765,-0.3769433603,0.3183866392,1.074602296,1.608179828,0.1738962183,1.94537972,0.8974668667,0.3416071132,0.6583928868,87,3.038494731,0.00911756393,2.397404876,23,0.2643678161,169,14.48275862,29,627,627,2020–2022 사이클
60,original,0.4148025704,-0.2668295317,0.3537890583,1.156203752,1.869294812,0.1469584705,2.822583612,1.554560201,0.6100810691,0.3899189309,30,4.682936199,0.01588544271,3.24481541,7,0.2413793103,243,18.51351351,37,522,522,2023 이후
61,improved,0.3484754314,-0.2378876258,0.3496033161,1.028590618,1.635048514,0.1304895103,2.670524478,1.46487414,0.6175563672,0.3824436328,35,3.923856881,0.01331049603,2.757104207,5,0.1428571429,243,19.97058824,34,522,522,2023 이후
62,confirm2,0.3673719669,-0.2348813361,0.3508012639,1.065935487,1.700099793,0.1224287967,3.000698992,1.56407475,0.6157744169,0.3842255831,35,3.9510381,0.01340270008,2.890376238,5,0.1428571429,242,26.17142857,35,283,283,2023 이후
63,buffer1,0.3548128143,-0.2639012103,0.34984232,1.041499999,1.661182758,0.1246061201,2.84747502,1.344491046,0.6215071138,0.3784928862,37,3.64627559,0.01236888557,2.801306105,3,0.08108108108,243,24.75675676,37,283,283,2023 이후
64,confirm2_buffer1,0.3638535367,-0.2527740608,0.3530090883,1.05417051,1.678944998,0.1221824656,2.977952154,1.439441751,0.6292290489,0.3707709511,35,3.514860282,0.01192309895,2.865224926,2,0.05714285714,242,20.48484848,33,522,522,2023 이후
65,weekly,0.3449930331,-0.2573260655,0.3582514066,1.004870569,1.602372092,0.1256179377,2.746367593,1.340684366,0.618029428,0.381970572,31,3.818588533,0.01295340505,2.733025802,4,0.1290322581,242,20.51515152,33,522,522,2023 이후
66,hybrid_score,0.3447551428,-0.2684169675,0.3455711749,1.028663015,1.630783666,0.1351818098,2.5503072,1.284401452,0.6237160129,0.3762839871,88,6.523939167,0.02213048769,2.731386384,42,0.4772727273,243,25.52777778,36,283,283,2023 이후
67,hybrid_score_conservative,0.3156294511,-0.2733431119,0.3433527789,0.9692523227,1.537742143,0.1407030307,2.243231361,1.154700585,0.6029857552,0.3970142448,67,6.704114621,0.02274167835,2.535856132,34,0.5074626866,243,26.25714286,35,283,283,2023 이후
68,buy_hold,0.5713392645,-0.4913281286,0.4691481474,1.196607048,1.874706383,0.1744484685,3.275117686,1.162846642,1,0,1,0.2944996892,0.000999000999,4.632190413,0,0,238,18.0754717,53,229,238,2023 이후
69,weekly_price,0.2025034555,-0.4109948773,0.3749657588,0.677830688,1.0467435,0.1866927827,1.084688184,0.4927152788,0.6650524617,0.3349475383,21,6.18743847,0.02098901099,1.869255335,8,0.380952381,277,32.89285714,28,283,283,2023 이후
70,monthly_10m,0.463380326,-0.320846204,0.4269208333,1.103666164,1.743543654,0.1538704761,3.011496017,1.444244377,0.8345439871,0.1654560129,2,0.589293878,0.001999000999,3.638515749,0,0,238,20.8,45,229,238,2023 이후
71,weekly_price_vol,0.1646471305,-0.3642602065,0.3248986098,0.63042752,0.9705539768,0.1728793768,0.9523815593,0.452004165,0.5796056598,0.4203943402,100,6.770071533,0.02296541719,1.677043474,44,0.44,268,27.84848485,33,283,283,2023 이후
72,original,0.3361803222,-0.7425408428,0.504621051,0.8326205953,1.204829927,0.3831405699,0.8774333722,0.4527432066,0.6701473724,0.3298526276,47,3.422047791,0.02529645184,8.519604238,8,0.1739130435,1333,73.55172414,29,522,1333,사후적 holdout 2019 이후
73,improved,0.3880532344,-0.620347765,0.4665022585,0.9417623545,1.383273101,0.3456234258,1.122763116,0.6255414403,0.5744463024,0.4255536976,65,3.268371695,0.02416044784,11.29000486,7,0.1076923077,1063,57.16666667,36,522,1063,사후적 holdout 2019 이후
74,confirm2,0.3855347498,-0.6408449585,0.470844742,0.9334649045,1.372136895,0.3582982146,1.076016385,0.6016037806,0.5738276311,0.4261723689,65,3.279404279,0.02424200288,11.13945398,7,0.1076923077,1307,67.5,34,283,1307,사후적 holdout 2019 이후
75,buffer1,0.3687703945,-0.6444489126,0.4689526023,0.9095565384,1.330787144,0.3598558135,1.024772647,0.5722259551,0.5766299734,0.4233700266,67,3.144162353,0.02324226791,10.18081845,5,0.07462686567,1065,62.05405405,37,283,1065,사후적 holdout 2019 이후
76,confirm2_buffer1,0.3962477193,-0.6420983149,0.4689129125,0.952047789,1.396952648,0.3406914208,1.163069262,0.6171137818,0.5800804691,0.4199195309,65,3.075878873,0.02273750297,11.79210137,4,0.06153846154,1056,56.97222222,36,522,1056,사후적 holdout 2019 이후
77,weekly,0.3836885221,-0.618907494,0.4739866759,0.9274486373,1.367114224,0.3514836134,1.091625633,0.6199448638,0.5745596022,0.4254403978,60,3.217908,0.02378741026,11.03019524,6,0.1,1308,60.5,34,522,1308,사후적 holdout 2019 이후
78,hybrid_score,0.4018040981,-0.6186969819,0.4593886997,0.9705012636,1.433044186,0.3124967898,1.285786322,0.649436008,0.5707134912,0.4292865088,174,5.906111883,0.04365914328,12.14343701,85,0.4885057471,1051,59.53846154,39,283,1051,사후적 holdout 2019 이후
79,hybrid_score_conservative,0.397082136,-0.6161156607,0.4562891397,0.9665779329,1.428097113,0.3066049568,1.295093661,0.6444928465,0.5454936443,0.4545063557,118,5.330144388,0.03940147802,11.84429468,55,0.4661016949,1050,58.82051282,39,283,1050,사후적 holdout 2019 이후
80,buy_hold,0.5072639997,-0.7666881596,0.6179010659,0.9770018129,1.446885407,0.3680078588,1.378405345,0.661630147,1,0,1,0.1351426351,0.000999000999,20.75920062,0,0,847,45.22641509,53,229,847,사후적 holdout 2019 이후
81,weekly_price,0.4595201532,-0.5225042168,0.4603454204,1.050098779,1.630651334,0.2644806681,1.737443256,0.8794573104,0.5903703704,0.4096296296,33,4.461869242,0.03298301698,16.36339449,10,0.303030303,1051,48.61702128,47,283,1051,사후적 holdout 2019 이후
82,monthly_10m,0.5429609401,-0.530832087,0.5006933059,1.115175679,1.728205024,0.2490032427,2.180537628,1.022848757,0.6988888889,0.3011111111,8,1.081681652,0.007996003996,24.68066104,0,0,715,41.34545455,55,229,715,사후적 holdout 2019 이후
83,weekly_price_vol,0.3318246076,-0.3769433603,0.3257438779,1.041281109,1.638497571,0.1855529999,1.788300959,0.8803036281,0.4460960074,0.5539039926,216,4.759624028,0.03518407906,8.316431484,78,0.3611111111,1037,40.625,56,283,1037,사후적 holdout 2019 이후
