,strategy,period,CAGR,MDD,volatility,Sharpe,Sortino,Ulcer,UPI,Calmar,mean_weight,mean_cash,orders,turnover_pa,fee_sum,final_multiple,reversal_14d_count,reversal_14d_rate,recovery_max_days,recovery_mean_days,recovered_episodes,unrecovered_days,underwater_max_days,one_way_cost
0,original,전체기간,0.502869578,-0.8211602657,0.5677386542,1.004762105,1.476805485,0.4254799017,1.181887972,0.6123890779,0.6999582273,0.3000417727,69,3.526952769,0,81.72377793,14,0.2058823529,1318,60.90909091,55,522,1318,0
1,improved,전체기간,0.6361480157,-0.6282558755,0.5304055505,1.196400081,1.792342988,0.3545663891,1.794157696,1.012561984,0.6038526398,0.3961473602,98,3.527309029,0,204.7461948,15,0.1546391753,1061,52.92063492,63,522,1061,0
2,confirm2,전체기간,0.6390528821,-0.6401390857,0.5329923777,1.196469142,1.793422594,0.3603660688,1.773343656,0.9983031756,0.6038222879,0.3961777121,96,3.431930341,0,208.7098078,15,0.1578947368,1065,56.71428571,63,283,1065,0
3,buffer1,전체기간,0.6325495233,-0.643572,0.531544708,1.190848276,1.782566796,0.3631394638,1.741891439,0.9828729704,0.6108009105,0.3891990895,94,3.107791755,0,199.9309197,9,0.09677419355,1063,54.15151515,66,283,1063,0
4,confirm2_buffer1,전체기간,0.6707636507,-0.6413929598,0.530802997,1.235428073,1.854543091,0.3439924836,1.949936939,1.045792038,0.608496667,0.391503333,90,3.019064605,0,256.7415817,7,0.07865168539,1056,51.984375,64,522,1056,0
5,weekly,전체기간,0.6161230723,-0.6570380195,0.5393233604,1.162815099,1.734859814,0.3656862354,1.684840753,0.9377281892,0.6083379199,0.3916620801,85,3.364729722,0,179.2286345,10,0.119047619,1307,54.70491803,61,522,1307,0
6,hybrid_score,전체기간,0.6425084917,-0.6206943306,0.5251377173,1.210421707,1.818680354,0.3326965472,1.931214788,1.035144773,0.5987575108,0.4012424892,256,6.059976111,0,213.5155087,130,0.5098039216,1051,53.34328358,67,283,1051,0
7,hybrid_score_conservative,전체기간,0.6284447893,-0.633874219,0.5223135893,1.197640094,1.800409738,0.3345202757,1.878644839,0.9914345315,0.5722475073,0.4277524927,162,5.158974567,0,194.5638581,75,0.4658385093,1050,53.34328358,67,283,1050,0
8,buy_hold,전체기간,0.6797232686,-0.8378314303,0.6680016225,1.113044265,1.649852327,0.4254269415,1.597743825,0.8112888154,1,0,1,0.09251519757,0,272.0210901,0,0,1080,46.20512821,78,229,1080,0
9,weekly_price,전체기간,0.6156744117,-0.7658896219,0.5314439837,1.167450247,1.784543055,0.3558417265,1.730191728,0.8038683305,0.615248227,0.384751773,51,4.718275076,0,178.6915451,18,0.36,1055,51.05714286,70,283,1055,0
10,monthly_10m,전체기간,0.7167349191,-0.7284475273,0.5690988648,1.233141436,1.889441092,0.3586771427,1.998273193,0.9839211367,0.7170719352,0.2829280648,14,1.295212766,0,344.282957,0,0,1105,40.43820225,89,229,1105,0
11,weekly_price_vol,전체기간,0.4440339605,-0.4133051664,0.3468577083,1.232300892,1.902626612,0.1989214928,2.232207059,1.074348923,0.4405455769,0.5594544231,324,4.779372681,0,53.07350415,121,0.3746130031,1037,40.29545455,88,283,1037,0
12,original,초기 관측 2015–2016,0.7596227148,-0.3133080623,0.5075114463,1.370392967,1.981016247,0.1604494416,4.73434315,2.424523357,0.751763045,0.248236955,15,5.930512514,0,2.228720797,2,0.1428571429,189,41.83333333,12,3,189,0
13,improved,초기 관측 2015–2016,0.7483292906,-0.3133080623,0.5076911938,1.357401588,1.960058474,0.160796926,4.653878088,2.388477606,0.7217230743,0.2782769257,20,6.241917574,0,2.208461829,5,0.2631578947,190,41.91666667,12,3,190,0
14,confirm2,초기 관측 2015–2016,0.7476305984,-0.3133080623,0.5072847727,1.357298057,1.959322334,0.1608125267,4.649081846,2.386247558,0.7224706525,0.2775293475,19,5.87748179,0,2.207210257,5,0.2777777778,190,41.91666667,12,3,190,0
15,buffer1,초기 관측 2015–2016,0.8466500563,-0.3133080623,0.5078130615,1.464676358,2.138085399,0.1543100062,5.486682797,2.702292594,0.7708227048,0.2291772952,18,5.216691822,0,2.386648334,3,0.1764705882,190,41.75,12,3,190,0
16,confirm2_buffer1,초기 관측 2015–2016,0.8617249935,-0.3133080623,0.5058131857,1.484405523,2.175965524,0.1549046723,5.56293739,2.750407976,0.7707985219,0.2292014781,18,5.226567035,0,2.414326571,3,0.1764705882,190,41.66666667,12,3,190,0
17,weekly,초기 관측 2015–2016,0.7125167676,-0.3133080623,0.5095188485,1.313737271,1.891359317,0.1632031622,4.365826973,2.274173101,0.7176700842,0.2823299158,17,5.925643082,0,2.144581161,2,0.125,189,41.91666667,12,3,189,0
18,hybrid_score,초기 관측 2015–2016,0.7445777482,-0.3133080623,0.5077496101,1.353091753,1.949962182,0.163129946,4.5643229,2.376503633,0.7597652376,0.2402347624,37,6.961420709,0,2.201744122,15,0.4166666667,190,41.91666667,12,3,190,0
19,hybrid_score_conservative,초기 관측 2015–2016,0.7046488789,-0.3133080623,0.5073079546,1.308104759,1.884787361,0.1683600547,4.185368555,2.249060793,0.733773959,0.266226041,33,8.02698934,0,2.13062109,15,0.46875,190,42,12,3,190,0
20,buy_hold,초기 관측 2015–2016,1.389710318,-0.3133080623,0.5410531736,1.884432354,2.781879575,0.1349981555,10.29429116,4.435603439,1,0,1,0.7051158301,0,3.440105677,0,0,169,27.16666667,18,3,169,0
21,weekly_price,초기 관측 2015–2016,0.8550293884,-0.3133080623,0.5288628403,1.435636904,2.096252866,0.1727688702,4.948978293,2.7290373,0.8108108108,0.1891891892,9,6.346042471,0,2.402021534,4,0.5,190,38.53846154,13,3,190,0
22,monthly_10m,초기 관측 2015–2016,0.8415945469,-0.3133080623,0.5279059755,1.423460541,2.080391767,0.144319113,5.831483645,2.686156688,0.8822393822,0.1177606178,3,2.11534749,0,2.377387301,0,0,169,31.0625,16,3,169,0
23,weekly_price_vol,초기 관측 2015–2016,0.9158743015,-0.2439256735,0.4164720649,1.770707676,2.689046408,0.1292174759,7.087851664,3.754726955,0.6384883161,0.3615116839,45,6.684190178,0,2.514518242,16,0.3636363636,183,35.35714286,14,3,183,0
24,original,2017–2018 사이클,1.049533521,-0.8211602657,0.7869560018,1.302676908,1.97247983,0.4422081453,2.373392557,1.278110455,0.7734574229,0.2265425771,8,2.705130276,0,4.196463199,4,0.5,55,10.71428571,28,380,380,0
25,improved,2017–2018 사이클,1.833204056,-0.6282558755,0.7302440535,1.788467368,2.801228912,0.4086427894,4.486079539,2.917925845,0.628976237,0.371023763,13,2.555678972,0,8.01560994,3,0.2307692308,55,10.71428571,28,380,380,0
26,confirm2,2017–2018 사이클,1.880492697,-0.6109749679,0.7301985134,1.811257761,2.839992213,0.399932619,4.702023811,3.077855552,0.6305698502,0.3694301498,12,2.257627389,0,8.285230235,3,0.25,55,10.71428571,28,380,380,0
27,buffer1,2017–2018 사이클,1.837372688,-0.6129544111,0.7288438601,1.792525761,2.808372984,0.4050922745,4.535689283,2.997568261,0.6236368567,0.3763631433,9,1.474187407,0,8.039198631,1,0.1111111111,55,10.71428571,28,380,380,0
28,confirm2_buffer1,2017–2018 사이클,1.971254048,-0.5931460099,0.7267041208,1.859298421,2.91993892,0.3845327991,5.126361269,3.323387522,0.5984300556,0.4015699444,7,1.239917926,0,8.815199665,0,0,55,10.71428571,28,380,380,0
29,weekly,2017–2018 사이클,1.721897897,-0.6570380195,0.7467749778,1.712681234,2.634467944,0.4320109351,3.98577387,2.620697503,0.655690518,0.344309482,8,2.087340098,0,7.398579639,2,0.25,55,10.71428571,28,380,380,0
30,hybrid_score,2017–2018 사이클,1.766822624,-0.6185970994,0.7263351092,1.761423355,2.76040519,0.4059152882,4.35268805,2.856176703,0.5882326485,0.4117673515,45,5.986381567,0,7.64464983,30,0.6666666667,55,10.75,28,380,380,0
31,hybrid_score_conservative,2017–2018 사이클,1.724355302,-0.633874219,0.7227938855,1.745026332,2.736752169,0.4227130261,4.079257548,2.720343012,0.5565827514,0.4434172486,11,2.486796907,0,7.411935802,5,0.4545454545,55,10.75,28,380,380,0
32,buy_hold,2017–2018 사이클,0.9516044828,-0.8378314303,0.8911583473,1.194253179,1.775837935,0.4539301189,2.096367796,1.135794682,1,0,0,0,0,3.805275363,0,0,55,10.71428571,28,380,380,0
33,weekly_price,2017–2018 사이클,1.098366849,-0.7658896219,0.7388606288,1.370199081,2.083994401,0.491206124,2.236060984,1.434105931,0.5684931507,0.4315068493,9,4.503082192,0,4.398678306,4,0.4444444444,59,10.89285714,28,380,380,0
34,monthly_10m,2017–2018 사이클,1.414094139,-0.7284475273,0.7917883907,1.506719915,2.306675946,0.4720267824,2.99579217,1.941243653,0.6671232877,0.3328767123,3,1.501027397,0,5.820823642,0,0,55,10.71428571,28,380,380,0
35,weekly_price_vol,2017–2018 사이클,0.5657901271,-0.4133051664,0.3679396994,1.403146061,2.083533404,0.2374604692,2.382670804,1.368940369,0.2795585891,0.7204414109,63,3.494712586,0,2.450194299,27,0.4285714286,122,11.88461538,26,380,380,0
36,original,2019 전환기,1.630494646,-0.265619705,0.6270701637,1.853015162,2.996194377,0.1659550064,9.824919904,6.138455147,0.7287671233,0.2712328767,1,1.000684932,0,2.628753853,0,0,48,10.92857143,14,188,188,0
37,improved,2019 전환기,1.314739242,-0.3033160148,0.5911617268,1.71142141,2.803397939,0.1825368698,7.202595524,4.334552669,0.5335566748,0.4664433252,6,1.954142224,0,2.313409881,0,0,19,5.642857143,14,188,188,0
38,confirm2,2019 전환기,1.151033884,-0.3512113539,0.5995566777,1.573871341,2.523345083,0.2050027692,5.61472359,3.27732538,0.5338122715,0.4661877285,6,1.980387991,0,2.149906472,0,0,19,5.642857143,14,188,188,0
39,buffer1,2019 전환기,1.109282923,-0.3554222788,0.5994804159,1.54121909,2.470005342,0.2075455186,5.344769331,3.121028108,0.5297120427,0.4702879573,6,1.966096432,0,2.108205676,0,0,19,5.846153846,13,188,188,0
40,confirm2_buffer1,2019 전환기,1.023104056,-0.3608856537,0.5876295735,1.4909277,2.339107115,0.2071230789,4.939594668,2.834981235,0.5294693591,0.4705306409,6,1.949763886,0,2.022128559,0,0,19,5.846153846,13,188,188,0
41,weekly,2019 전환기,1.272773564,-0.3103326214,0.5913911941,1.679971068,2.74932033,0.1839876545,6.917711775,4.101320573,0.5316142196,0.4683857804,6,1.945552226,0,2.271496751,0,0,19,5.642857143,14,188,188,0
42,hybrid_score,2019 전환기,1.317400706,-0.3010430793,0.5878973239,1.719655992,2.817038219,0.1818263375,7.245378882,4.37612022,0.5294021141,0.4705978859,20,4.951319629,0,2.316067995,11,0.55,25,7.2,15,188,188,0
43,hybrid_score_conservative,2019 전환기,1.316833934,-0.2935025174,0.5868078698,1.721335415,2.822826716,0.1801705526,7.308818868,4.486618875,0.5087437109,0.4912562891,12,3.445156651,0,2.315501937,6,0.5,19,5.642857143,14,188,188,0
44,buy_hold,2019 전환기,0.9447436861,-0.4862220874,0.7077326078,1.288593875,2.055828429,0.224985645,4.199128731,1.943029144,1,0,0,0,0,1.94385853,0,0,48,10.92857143,14,188,188,0
45,weekly_price,2019 전환기,1.518160824,-0.265619705,0.5886307807,1.85964215,3.070266711,0.1597207167,9.505096491,5.715542919,0.5369863014,0.4630136986,2,2.001369863,0,2.516569545,0,0,19,5.642857143,14,188,188,0
46,monthly_10m,2019 전환기,0.3958938981,-0.4602245207,0.6209583927,0.8439821456,1.30962111,0.2178918526,1.816928414,0.8602190458,0.5863013699,0.4136986301,2,2.001369863,0,1.395575263,0,0,19,6.333333333,6,188,188,0
47,weekly_price_vol,2019 전환기,1.075943365,-0.1251322552,0.3494487047,2.259448256,4.568480022,0.07936250188,13.55732669,8.598449402,0.3066477025,0.6933522975,29,3.103776267,0,2.074905772,11,0.3793103448,19,5.266666667,15,188,188,0
48,original,2020–2022 사이클,0.002741789571,-0.7411298516,0.5954815294,0.3168352153,0.4270870167,0.4127929686,0.006642045237,0.003699472589,0.7185287051,0.2814712949,16,2.804177796,0,1.008249831,1,0.0625,290,23.77777778,18,627,627,0
49,improved,2020–2022 사이클,0.2139886373,-0.5905422818,0.5306730699,0.6452153818,0.883124151,0.3868744093,0.5531217165,0.3623595531,0.5393289152,0.4606710848,24,2.965860838,0,1.789375585,2,0.08333333333,277,21.2,20,627,627,0
50,confirm2,2020–2022 사이클,0.2191202021,-0.5893561978,0.5361883794,0.65156799,0.897874006,0.3903970264,0.5612752847,0.3717958731,0.5397341445,0.4602658555,24,2.953576772,0,1.812168094,2,0.08333333333,276,22.15789474,19,627,627,0
51,buffer1,2020–2022 사이클,0.2033514404,-0.5897560557,0.5327212031,0.6282848006,0.8587296174,0.3928383241,0.5176466448,0.3448060236,0.5415225535,0.4584774465,24,2.969690829,0,1.742739489,2,0.08333333333,277,21.2,20,627,627,0
52,confirm2_buffer1,2020–2022 사이클,0.2717936498,-0.5668978597,0.5349437279,0.7308372836,1.011848445,0.3729982316,0.728672757,0.4794402469,0.5413742325,0.4586257675,24,2.955460686,0,2.057412745,2,0.08333333333,272,21,20,627,627,0
53,weekly,2020–2022 사이클,0.2155100007,-0.5879329483,0.5403634979,0.6452846307,0.8883504391,0.3908095473,0.5514450765,0.3665554062,0.5397201409,0.4602798591,23,2.963449837,0,1.796112863,2,0.08695652174,277,22.05263158,19,627,627,0
54,hybrid_score,2020–2022 사이클,0.2516910307,-0.5213764375,0.5195047213,0.7062967364,0.97463791,0.3474482009,0.7243987162,0.4827433933,0.5245533891,0.4754466109,66,5.526567743,0,1.961363792,32,0.4848484848,280,21.35,20,627,627,0
55,hybrid_score_conservative,2020–2022 사이클,0.2704813668,-0.5213764375,0.5148159548,0.7369926451,1.016709809,0.3546307665,0.7627126362,0.5187832578,0.4927390825,0.5072609175,39,4.405703513,0,2.051049125,15,0.3846153846,290,25.05882353,17,627,627,0
56,buy_hold,2020–2022 사이클,0.3209679295,-0.7666881596,0.7250178445,0.7570220122,1.072377598,0.3887025993,0.8257416596,0.4186420847,1,0,0,0,0,2.305470492,0,0,189,18.05714286,35,418,418,0
57,weekly_price,2020–2022 사이클,0.5211109622,-0.5199903108,0.4975854149,1.091181477,1.656776087,0.2621524592,1.987816417,1.002155139,0.5237226277,0.4762773723,10,3.332572993,0,3.520524499,2,0.2,209,20.9,30,418,418,0
58,monthly_10m,2020–2022 사이클,0.6971071715,-0.530832087,0.5325546731,1.258717528,1.925120472,0.2359093252,2.954979295,1.313234804,0.5830291971,0.4169708029,4,1.333029197,0,4.889731739,0,0,189,20.26666667,30,418,418,0
59,weekly_price_vol,2020–2022 사이클,0.3423676613,-0.3743033119,0.3183706687,1.08419058,1.623259449,0.1723957664,1.985940075,0.9146797542,0.3416071132,0.6583928868,87,3.039124434,0,2.419368192,23,0.2643678161,169,14.92857143,28,627,627,0
60,original,2023 이후,0.4214457711,-0.2653605414,0.3536920905,1.169679373,1.891992874,0.145074725,2.905025469,1.5882006,0.6100810691,0.3899189309,29,4.389854789,0,3.296789895,7,0.2413793103,243,18.51351351,37,522,522,0
61,improved,2023 이후,0.3537783528,-0.2363697479,0.3495680991,1.039895344,1.653552869,0.1289919414,2.742639182,1.49671587,0.6175563672,0.3824436328,35,3.924948914,0,2.794057073,5,0.1428571429,243,19.94117647,34,522,522,0
62,confirm2,2023 이후,0.3727865227,-0.2333497372,0.3508106322,1.07719139,1.718432585,0.1212822191,3.073711262,1.597544215,0.6157744169,0.3842255831,35,3.952135323,0,2.929385478,5,0.1428571429,242,26.88235294,34,283,283,0
63,buffer1,2023 이후,0.3597627902,-0.2615065817,0.3498558355,1.051906341,1.678137397,0.123579225,2.911191506,1.375731303,0.6215071138,0.3784928862,37,3.647096311,0,2.836176946,3,0.08108108108,243,25.38888889,36,283,283,0
64,confirm2_buffer1,2023 이후,0.3686566546,-0.2512875311,0.353004998,1.064144154,1.695449846,0.1209231982,3.04868429,1.46707102,0.6292290489,0.3707709511,35,3.515671124,0,2.899598433,2,0.05714285714,242,20.45454545,33,522,522,0
65,weekly,2023 이후,0.3501401914,-0.255984841,0.3581596151,1.015704382,1.620426888,0.1241402326,2.820521471,1.367816118,0.618029428,0.381970572,31,3.819728791,0,2.768667567,4,0.1290322581,242,20.48484848,33,522,522,0
66,hybrid_score,2023 이후,0.3535580582,-0.2628051133,0.3455315042,1.047641028,1.661674758,0.1329526525,2.659277958,1.345324122,0.6237160129,0.3762839871,88,6.524908237,0,2.79251506,42,0.4772727273,243,26.2,35,283,283,0
67,hybrid_score_conservative,2023 이후,0.3244809141,-0.267019018,0.3433031823,0.9888904438,1.569656428,0.1384465202,2.343727482,1.215197766,0.6029857552,0.3970142448,67,6.70553361,0,2.594197807,34,0.5074626866,243,25.47222222,36,283,283,0
68,buy_hold,2023 이후,0.5718023229,-0.4913281286,0.4691500133,1.197233154,1.875694755,0.1744484685,3.2777721,1.163789105,1,0,0,0,0,4.636822603,0,0,238,18.0754717,53,229,238,0
69,weekly_price,2023 이후,0.2099706816,-0.407450222,0.3748307262,0.6944533658,1.073270067,0.184341771,1.139029318,0.5153284261,0.6650524617,0.3349475383,21,6.190677966,0,1.908923827,8,0.380952381,277,31.72413793,29,283,283,0
70,monthly_10m,2023 이후,0.4642433727,-0.320846204,0.4268885523,1.105098791,1.745986331,0.1536728039,3.020985892,1.446934285,0.8345439871,0.1654560129,2,0.5895883777,0,3.645800065,0,0,238,20.77777778,45,229,238,0
71,weekly_price_vol,2023 이후,0.1725618302,-0.3607722557,0.3247958824,0.6513708006,1.004006539,0.1704036167,1.012665303,0.4783123632,0.5796056598,0.4203943402,100,6.77292488,0,1.716019038,44,0.44,253,26.94117647,34,283,283,0
72,original,사후적 holdout 2019 이후,0.3407622231,-0.7411298516,0.5045176701,0.8394399605,1.215056335,0.3809395302,0.8945310111,0.459787475,0.6701473724,0.3298526276,46,3.288021832,0,8.737945879,8,0.1739130435,1318,71.06666667,30,522,1318,0
73,improved,사후적 holdout 2019 이후,0.3925984096,-0.6194228898,0.4664478264,0.9488124896,1.393942621,0.3435720297,1.142696075,0.6338132092,0.5744463024,0.4255536976,65,3.269206332,0,11.56616455,7,0.1076923077,1061,58.68571429,35,522,1061,0
74,confirm2,사후적 holdout 2019 이후,0.390087019,-0.6401390857,0.4708258475,0.9404524352,1.382686701,0.3562450815,1.094996224,0.6093785362,0.5738276311,0.4261723689,65,3.28024349,0,11.41286213,7,0.1076923077,1065,65.54285714,35,283,1065,0
75,buffer1,사후적 holdout 2019 이후,0.3730816981,-0.643572,0.4688833393,0.9163124887,1.340996982,0.3580129315,1.042090007,0.5797046766,0.5766299734,0.4233700266,67,3.144873584,0,10.42026522,5,0.07462686567,1063,61.97297297,37,283,1063,0
76,confirm2_buffer1,사후적 holdout 2019 이후,0.4005499226,-0.6413929598,0.468940343,0.9585821096,1.406861947,0.3387338469,1.182491582,0.62450003,0.5800804691,0.4199195309,65,3.076579723,0,12.06335324,4,0.06153846154,1056,58.51428571,35,522,1056,0
77,weekly,사후적 holdout 2019 이후,0.3881494071,-0.6162885561,0.4739208628,0.934306562,1.3775314,0.3490902059,1.111888562,0.6298176451,0.5745596022,0.4254403978,60,3.218782058,0,11.29578861,6,0.1,1307,62.24242424,33,522,1307,0
78,hybrid_score,사후적 holdout 2019 이후,0.410108876,-0.6172903528,0.4593517508,0.9834040983,1.452497796,0.3090911901,1.326821628,0.6643694887,0.5707134912,0.4292865088,174,5.90693008,0,12.68542386,85,0.4885057471,1051,58.025,40,283,1051,0
79,hybrid_score_conservative,사후적 holdout 2019 이후,0.4045500888,-0.6145059819,0.4562487352,0.9783086582,1.445831077,0.3036861277,1.332132264,0.6583338498,0.5454936443,0.4545063557,118,5.331218286,0,12.32038555,55,0.4661016949,1050,58.74358974,39,283,1050,0
80,buy_hold,사후적 holdout 2019 이후,0.5074678109,-0.7666881596,0.6179079862,0.9772167533,1.44721993,0.3680078588,1.378959168,0.6618959802,1,0,0,0,0,20.77995982,0,0,847,45.22641509,53,229,847,0
81,weekly_price,사후적 holdout 2019 이후,0.4660501623,-0.5199903108,0.4602473285,1.059928548,1.646599589,0.2618414122,1.779894778,0.8962670124,0.5903703704,0.4096296296,33,4.464166667,0,16.91238693,10,0.303030303,842,48.57446809,47,283,842,0
82,monthly_10m,사후적 holdout 2019 이후,0.5446316712,-0.530832087,0.5006783442,1.117358004,1.731690851,0.2483335121,2.19314609,1.025996138,0.6988888889,0.3011111111,8,1.082222222,0,24.87889829,0,0,715,42.07407407,54,229,715,0
83,weekly_price_vol,사후적 holdout 2019 이후,0.3381808615,-0.3743033119,0.3256914162,1.056017888,1.663092536,0.1828188403,1.849814061,0.9034941738,0.4460960074,0.5539039926,216,4.761263942,0,8.614348691,78,0.3611111111,1037,40.55357143,56,283,1037,0
84,original,전체기간,0.4975784247,-0.8221245546,0.5678120007,0.9985098247,1.467342419,0.4275490569,1.163792591,0.6052348417,0.6999582273,0.3000417727,69,3.525671604,0.03810910744,78.66689969,14,0.2058823529,1333,62.05555556,54,522,1333,0.001
85,improved,전체기간,0.6303870448,-0.6295798235,0.5304448945,1.189703595,1.782018465,0.3563001017,1.769258672,1.001282159,0.6038526398,0.3961473602,98,3.526387958,0.03811685053,197.0868993,15,0.1546391753,1063,52.95238095,63,522,1063,0.001
86,confirm2,전체기간,0.6334374705,-0.6408449585,0.5330073349,1.190004661,1.783499205,0.3620746449,1.749466524,0.9884410606,0.6038222879,0.3961777121,96,3.431033207,0.0370861577,201.1094656,15,0.1578947368,1307,57.64516129,62,283,1307,0.001
87,buffer1,전체기간,0.6274838394,-0.6444489126,0.5315897002,1.184951427,1.773449706,0.3646175147,1.720937185,0.973675069,0.6108009105,0.3891990895,94,3.107067222,0.03358439807,193.3264293,9,0.09677419355,1065,54.98461538,65,283,1065,0.001
88,confirm2_buffer1,전체기간,0.6657271747,-0.6420983149,0.5307906667,1.229750482,1.845753825,0.3455217061,1.926730399,1.036799442,0.608496667,0.391503333,90,3.018352511,0.03262547765,248.4986169,7,0.07865168539,1056,52,64,522,1056,0.001
89,weekly,전체기간,0.610694447,-0.6577031317,0.539387529,1.156498469,1.725128305,0.3675442818,1.661553389,0.9285259831,0.6083379199,0.3916620801,85,3.363773732,0.03635914769,172.8273568,10,0.119047619,1308,54.72131148,61,522,1308,0.001
90,hybrid_score,전체기간,0.6325850846,-0.6251151391,0.5251551343,1.198848869,1.800916808,0.3356486277,1.884664594,1.011949711,0.5987575108,0.4012424892,256,6.059120202,0.06549324177,199.9779985,130,0.5098039216,1051,53.34328358,67,283,1051,0.001
91,hybrid_score_conservative,전체기간,0.6200653774,-0.6353263202,0.5223279448,1.187737275,1.785153762,0.3367191431,1.841491314,0.9759793632,0.5722475073,0.4277524927,162,5.157908601,0.05575201412,184.0113228,75,0.4658385093,1050,54.16666667,66,283,1050,0.001
92,buy_hold,전체기간,0.6795679535,-0.8378314303,0.6680016029,1.11290557,1.649646693,0.4254269415,1.597378744,0.8111034379,1,0,1,0.09242277479,0.000999000999,271.7493407,0,0,1080,46.20512821,78,229,1080,0.001
93,weekly_price,전체기간,0.6080692432,-0.767290079,0.531535537,1.158461246,1.770218054,0.358355875,1.69683068,0.7924893854,0.615248227,0.384751773,51,4.715872084,0.05097402597,169.8068459,18,0.36,1055,51.79710145,69,283,1055,0.001
94,monthly_10m,전체기간,0.7145128207,-0.7289900897,0.5691140076,1.230844164,1.88584523,0.3595928374,1.987005153,0.9801406505,0.7170719352,0.2829280648,14,1.294565807,0.01399300699,339.4965768,0,0,1105,40.43820225,89,229,1105,0.001
95,weekly_price_vol,전체기간,0.437148845,-0.4151333624,0.3469013316,1.218405538,1.879967354,0.2010903748,2.173892438,1.053032313,0.4405455769,0.5594544231,324,4.777834941,0.05164378466,50.4013206,121,0.3746130031,1037,41.26744186,86,283,1037,0.001
96,original,초기 관측 2015–2016,0.7492186567,-0.3133080623,0.5074728329,1.358753344,1.963898711,0.1614969803,4.639211551,2.391316238,0.751763045,0.248236955,15,5.9280216,0.008407159997,2.210055259,2,0.1428571429,189,41.83333333,12,3,189,0.001
97,improved,초기 관측 2015–2016,0.7374508716,-0.3133080623,0.5076720657,1.345117712,1.94210912,0.1617852884,4.558207231,2.353756447,0.7217230743,0.2782769257,20,6.239840762,0.008849384024,2.188999004,5,0.2631578947,190,41.91666667,12,3,190,0.001
98,confirm2,초기 관측 2015–2016,0.7373895694,-0.3133080623,0.5072889023,1.345684244,1.942465266,0.1616714268,4.561038298,2.353560787,0.7224706525,0.2775293475,19,5.875500953,0.008332674862,2.188889471,5,0.2777777778,190,41.91666667,12,3,190,0.001
99,buffer1,초기 관측 2015–2016,0.8370423194,-0.3133080623,0.5078127899,1.454387341,2.122819886,0.1549556621,5.401818223,2.671627131,0.7708227048,0.2291772952,18,5.214938735,0.007395861095,2.369057305,3,0.1764705882,190,41.75,12,3,190,0.001
100,confirm2_buffer1,초기 관측 2015–2016,0.8520205422,-0.3133080623,0.5058462725,1.473990532,2.160466445,0.1555420729,5.477749696,2.719433825,0.7707985219,0.2292014781,18,5.224808592,0.007409858592,2.396497985,3,0.1764705882,190,41.66666667,12,3,190,0.001
101,weekly,초기 관측 2015–2016,0.7023995209,-0.3133080623,0.509594152,1.301973847,1.874141656,0.1639906641,4.283167731,2.241881412,0.7176700842,0.2823299158,17,5.923471971,0.008400707682,2.126634978,2,0.125,189,41.91666667,12,3,189,0.001
102,hybrid_score,초기 관측 2015–2016,0.7324756717,-0.3133080623,0.5076837257,1.339470064,1.929815914,0.164266305,4.459074377,2.337876869,0.7597652376,0.2402347624,37,6.960013885,0.009870738378,2.180114712,15,0.4166666667,190,41.91666667,12,3,190,0.001
103,hybrid_score_conservative,초기 관측 2015–2016,0.6910209359,-0.3133080623,0.5072429557,1.292360441,1.861620693,0.1697538932,4.070722166,2.205563849,0.733773959,0.266226041,33,8.025005304,0.01138111635,2.10650464,15,0.46875,190,42,12,3,190,0.001
104,buy_hold,초기 관측 2015–2016,1.388026731,-0.3133080623,0.5410539765,1.883124148,2.779952469,0.1349981555,10.28181997,4.430229855,1,0,1,0.7044114187,0.000999000999,3.436669008,0,0,169,27.16666667,18,3,169,0.001
105,weekly_price,초기 관측 2015–2016,0.8432952133,-0.3133080623,0.5290011381,1.423386781,2.077934703,0.1740919043,4.843965703,2.691584785,0.8108108108,0.1891891892,9,6.342520414,0.008995004995,2.380501514,4,0.5,190,38.53846154,13,3,190,0.001
106,monthly_10m,초기 관측 2015–2016,0.8377036985,-0.3133080623,0.5279282678,1.419408474,2.074414911,0.1445679483,5.794532664,2.673738085,0.8822393822,0.1177606178,3,2.113938668,0.002998001998,2.370267009,0,0,169,31.0625,16,3,169,0.001
107,weekly_price_vol,초기 관측 2015–2016,0.903111639,-0.2454700255,0.4165903709,1.754255807,2.662908906,0.130236031,6.934422311,3.679111685,0.6384883161,0.3615116839,45,6.681500674,0.009475749073,2.490795633,16,0.3636363636,184,35.42857143,14,3,184,0.001
108,original,2017–2018 사이클,1.043996811,-0.8221245546,0.7869943147,1.299205817,1.967148309,0.4429287036,2.357031285,1.269876694,0.7734574229,0.2265425771,8,2.704099156,0.005404496601,4.173836221,4,0.5,55,10.71428571,28,380,380,0.001
109,improved,2017–2018 사이클,1.825971903,-0.6295798235,0.7302781476,1.784906999,2.795426593,0.4094231648,4.459864659,2.900302448,0.628976237,0.371023763,13,2.55525831,0.005107018663,7.974768121,3,0.2307692308,55,10.71428571,28,380,380,0.001
110,confirm2,2017–2018 사이클,1.8739963,-0.612138489,0.7302082199,1.808140968,2.834983003,0.4006233639,4.677700975,3.061392697,0.6305698502,0.3694301498,12,2.257285007,0.004511479958,8.247926383,3,0.25,55,10.71428571,28,380,380,0.001
111,buffer1,2017–2018 사이클,1.833192291,-0.6139043347,0.7288531562,1.790482936,2.805062584,0.4056239897,4.519437553,2.986120455,0.6236368567,0.3763631433,9,1.474143528,0.002946269064,8.015543415,1,0.1111111111,55,10.71428571,28,380,380,0.001
112,confirm2_buffer1,2017–2018 사이클,1.96757151,-0.5933495387,0.7267002518,1.857592115,2.91720129,0.3849860824,5.110760102,3.316041189,0.5984300556,0.4015699444,7,1.239906717,0.002478116094,8.793377219,0,0,55,10.71428571,28,380,380,0.001
113,weekly,2017–2018 사이클,1.716221614,-0.6577031317,0.7468323644,1.70981251,2.629756077,0.4325769036,3.967437003,2.609416819,0.655690518,0.344309482,8,2.086943308,0.004171029747,7.367774673,2,0.25,55,10.71428571,28,380,380,0.001
114,hybrid_score,2017–2018 사이클,1.750308201,-0.6229481117,0.7263498376,1.753133665,2.747216819,0.4074032629,4.296254745,2.809717484,0.5882326485,0.4117673515,45,5.985777096,0.01196336011,7.553726348,30,0.6666666667,55,10.75,28,380,380,0.001
115,hybrid_score_conservative,2017–2018 사이클,1.717588176,-0.6353263202,0.7227814546,1.741593628,2.731165163,0.4233111889,4.05750715,2.70347398,0.5565827514,0.4434172486,11,2.486411729,0.004969419746,7.37518508,5,0.4545454545,55,10.75,28,380,380,0.001
116,buy_hold,2017–2018 사이클,0.9516044828,-0.8378314303,0.8911583473,1.194253179,1.775837935,0.4539301189,2.096367796,1.135794682,1,0,0,0,0,3.805275363,0,0,55,10.71428571,28,380,380,0.001
117,weekly_price,2017–2018 사이클,1.088938448,-0.767290079,0.7389214596,1.364060323,2.074118996,0.4919487814,2.213519962,1.41920048,0.5684931507,0.4315068493,9,4.501082821,0.008996003996,4.359265621,4,0.4444444444,59,10.89285714,28,380,380,0.001
118,monthly_10m,2017–2018 사이클,1.410472631,-0.7289900897,0.7918025879,1.504805099,2.303709525,0.4724664781,2.98533906,1.93483101,0.6671232877,0.3328767123,3,1.500527555,0.002999000999,5.803384431,0,0,55,10.71428571,28,380,380,0.001
119,weekly_price_vol,2017–2018 사이클,0.5603271023,-0.4151333624,0.3678977255,1.393754881,2.068957759,0.2384262595,2.3501065,1.349752039,0.2795585891,0.7204414109,63,3.494370029,0.006983956526,2.433138364,27,0.4285714286,124,12.36,25,380,380,0.001
120,original,2019 전환기,1.62786235,-0.265619705,0.6271302502,1.851298229,2.993018429,0.1662618151,9.790957409,6.128545132,0.7287671233,0.2712328767,1,1.000684932,0.001,2.626125099,0,0,48,10.92857143,14,188,188,0.001
121,improved,2019 전환기,1.310220354,-0.3038142729,0.591196191,1.708042842,2.79759039,0.1828302663,7.166320874,4.312570115,0.5335566748,0.4664433252,6,1.953767127,0.001952429846,2.308896677,0,0,19,5.4,15,188,188,0.001
122,confirm2,2019 전환기,1.14677822,-0.3516879336,0.5996586033,1.570405233,2.517208237,0.205290201,5.586132286,3.260783526,0.5338122715,0.4661877285,6,1.980016647,0.001978661399,2.145655947,0,0,19,5.714285714,14,188,188,0.001
123,buffer1,2019 전환기,1.10513994,-0.3560532267,0.5995770858,1.537790436,2.463914215,0.2078280672,5.317568291,3.103861606,0.5297120427,0.4702879573,6,1.965731206,0.001964385736,2.104067641,0,0,19,5.642857143,14,188,188,0.001
124,confirm2_buffer1,2019 전환기,1.019163264,-0.3613605439,0.5875865042,1.487675306,2.333650143,0.2074070157,4.913832159,2.820350149,0.5294693591,0.4705306409,6,1.949430641,0.001948096329,2.01819236,0,0,19,5.571428571,14,188,188,0.001
125,weekly,2019 전환기,1.268356084,-0.3108229514,0.5914168049,1.676626536,2.743602906,0.1842734676,6.883009803,4.08063844,0.5316142196,0.4683857804,6,1.945181192,0.001943849788,2.26708477,0,0,19,5.4,15,188,188,0.001
126,hybrid_score,2019 전환기,1.305954899,-0.3022332468,0.5879475354,1.711115671,2.802741677,0.1824838166,7.156551874,4.321016676,0.5294021141,0.4705978859,20,4.950695426,0.00494730686,2.304636581,11,0.55,34,7.785714286,14,188,188,0.001
127,hybrid_score_conservative,2019 전환기,1.308865838,-0.2948818485,0.5868542803,1.715359914,2.812708434,0.1808244217,7.238324478,4.438611073,0.5087437109,0.4912562891,12,3.444604998,0.003442247294,2.307543863,6,0.5,19,5.4,15,188,188,0.001
128,buy_hold,2019 전환기,0.9447436861,-0.4862220874,0.7077326078,1.288593875,2.055828429,0.224985645,4.199128731,1.943029144,1,0,0,0,0,1.94385853,0,0,48,10.92857143,14,188,188,0.001
129,weekly_price,2019 전환기,1.513126091,-0.265619705,0.5887004344,1.856084117,3.06391135,0.160039486,9.454704765,5.696588252,0.5369863014,0.4630136986,2,2.000370178,0.001999000999,2.511541434,0,0,19,5.4,15,188,188,0.001
130,monthly_10m,2019 전환기,0.3931029909,-0.4602245207,0.6209936299,0.8407425435,1.304513569,0.2179870596,1.803331774,0.8541548162,0.5863013699,0.4136986301,2,2.000370178,0.001999000999,1.392786901,0,0,19,5.714285714,7,188,188,0.001
131,weekly_price_vol,2019 전환기,1.069509899,-0.1260814154,0.3494298321,2.25065658,4.547241765,0.07985662508,13.39287627,8.482692672,0.3066477025,0.6933522975,29,3.103221974,0.003101097935,2.068479916,11,0.3793103448,19,5.0625,16,188,188,0.001
132,original,2020–2022 사이클,-6.59789026e-05,-0.7425408428,0.5956253352,0.3122735181,0.4208297307,0.4140369963,-0.0001593550895,-8.885558718e-05,0.7185287051,0.2814712949,16,2.803030187,0.008411009129,0.9998020312,1,0.0625,292,25.23529412,17,627,627,0.001
133,improved,2020–2022 사이클,0.210393445,-0.5925364521,0.5307505933,0.6396514856,0.8753161142,0.388337963,0.5417792361,0.3550725769,0.5393289152,0.4606710848,24,2.965164141,0.008897521966,1.773521466,2,0.08333333333,279,22.36842105,19,627,627,0.001
134,confirm2,2020–2022 사이클,0.2155247545,-0.5917602163,0.5361970552,0.64606077,0.8901126236,0.3918368657,0.5500369501,0.3642096048,0.5397341445,0.4602658555,24,2.952873422,0.008860641396,1.796178283,2,0.08333333333,276,21.15,20,627,627,0.001
135,buffer1,2020–2022 사이클,0.1997831592,-0.5917524179,0.532844229,0.6227311887,0.8509410535,0.3942779787,0.5067063595,0.3376127468,0.5415225535,0.4584774465,24,2.968988146,0.0089089966,1.727278741,2,0.08333333333,277,21.25,20,627,627,0.001
136,confirm2_buffer1,2020–2022 사이클,0.2680404617,-0.5690008284,0.5348961705,0.7253311716,1.004013954,0.3744994163,0.7157299852,0.4710721818,0.5413742325,0.4586257675,24,2.954761756,0.008866307692,2.039247439,2,0.08333333333,272,20.0952381,21,627,627,0.001
137,weekly,2020–2022 사이클,0.2119132261,-0.5899335969,0.5404263477,0.6397885722,0.880631993,0.3922510325,0.5402489948,0.3592153883,0.5397201409,0.4602798591,23,2.962709189,0.008890155431,1.780211936,2,0.08695652174,277,21.05,20,627,627,0.001
138,hybrid_score,2020–2022 사이클,0.2447925513,-0.5215476348,0.5195354263,0.6956642384,0.9597211662,0.349705309,0.6999966687,0.4693579933,0.5245533891,0.4754466109,66,5.525855497,0.01658134873,1.929105739,32,0.4848484848,282,22.52631579,19,627,627,0.001
139,hybrid_score_conservative,2020–2022 사이클,0.2648963082,-0.5215476348,0.514846786,0.7284403265,1.004649219,0.356644473,0.7427461471,0.5079043418,0.4927390825,0.5072609175,39,4.40484581,0.01321755238,2.024112411,15,0.3846153846,292,25.23529412,17,627,627,0.001
140,buy_hold,2020–2022 사이클,0.3209679295,-0.7666881596,0.7250178445,0.7570220122,1.072377598,0.3887025993,0.8257416596,0.4186420847,1,0,0,0,0,2.305470492,0,0,189,18.05714286,35,418,418,0.001
141,weekly_price,2020–2022 사이클,0.5160501846,-0.5225042168,0.4976611269,1.084390787,1.645992862,0.2636792223,1.957113572,0.987647885,0.5237226277,0.4762773723,10,3.330908371,0.009995004995,3.485494683,2,0.2,169,14,30,627,627,0.001
142,monthly_10m,2020–2022 사이클,0.6948463845,-0.530832087,0.5325467788,1.25622099,1.921241134,0.2363135589,2.940357667,1.308975854,0.5830291971,0.4169708029,4,1.332363348,0.003998001998,4.870211871,0,0,189,20.3,30,418,418,0.001
143,weekly_price_vol,2020–2022 사이클,0.3382941765,-0.3769433603,0.3183866392,1.074602296,1.608179828,0.1738962183,1.94537972,0.8974668667,0.3416071132,0.6583928868,87,3.038494731,0.00911756393,2.397404876,23,0.2643678161,169,14.48275862,29,627,627,0.001
144,original,2023 이후,0.415219499,-0.2668295317,0.3537918818,1.157031092,1.870647344,0.1469584705,2.825420663,1.556122729,0.6100810691,0.3899189309,29,4.388436509,0.01488644171,3.248060225,7,0.2413793103,243,18.51351351,37,522,522,0.001
145,improved,2023 이후,0.3484754314,-0.2378876258,0.3496033161,1.028590618,1.635048514,0.1304895103,2.670524478,1.46487414,0.6175563672,0.3824436328,35,3.923856881,0.01331049603,2.757104207,5,0.1428571429,243,19.97058824,34,522,522,0.001
146,confirm2,2023 이후,0.3673719669,-0.2348813361,0.3508012639,1.065935487,1.700099793,0.1224287967,3.000698992,1.56407475,0.6157744169,0.3842255831,35,3.9510381,0.01340270008,2.890376238,5,0.1428571429,242,26.17142857,35,283,283,0.001
147,buffer1,2023 이후,0.3548128143,-0.2639012103,0.34984232,1.041499999,1.661182758,0.1246061201,2.84747502,1.344491046,0.6215071138,0.3784928862,37,3.64627559,0.01236888557,2.801306105,3,0.08108108108,243,24.75675676,37,283,283,0.001
148,confirm2_buffer1,2023 이후,0.3638535367,-0.2527740608,0.3530090883,1.05417051,1.678944998,0.1221824656,2.977952154,1.439441751,0.6292290489,0.3707709511,35,3.514860282,0.01192309895,2.865224926,2,0.05714285714,242,20.48484848,33,522,522,0.001
149,weekly,2023 이후,0.3449930331,-0.2573260655,0.3582514066,1.004870569,1.602372092,0.1256179377,2.746367593,1.340684366,0.618029428,0.381970572,31,3.818588533,0.01295340505,2.733025802,4,0.1290322581,242,20.51515152,33,522,522,0.001
150,hybrid_score,2023 이후,0.3447551428,-0.2684169675,0.3455711749,1.028663015,1.630783666,0.1351818098,2.5503072,1.284401452,0.6237160129,0.3762839871,88,6.523939167,0.02213048769,2.731386384,42,0.4772727273,243,25.52777778,36,283,283,0.001
151,hybrid_score_conservative,2023 이후,0.3156294511,-0.2733431119,0.3433527789,0.9692523227,1.537742143,0.1407030307,2.243231361,1.154700585,0.6029857552,0.3970142448,67,6.704114621,0.02274167835,2.535856132,34,0.5074626866,243,26.25714286,35,283,283,0.001
152,buy_hold,2023 이후,0.5718023229,-0.4913281286,0.4691500133,1.197233154,1.875694755,0.1744484685,3.2777721,1.163789105,1,0,0,0,0,4.636822603,0,0,238,18.0754717,53,229,238,0.001
153,weekly_price,2023 이후,0.2025034555,-0.4109948773,0.3749657588,0.677830688,1.0467435,0.1866927827,1.084688184,0.4927152788,0.6650524617,0.3349475383,21,6.18743847,0.02098901099,1.869255335,8,0.380952381,277,32.89285714,28,283,283,0.001
154,monthly_10m,2023 이후,0.463380326,-0.320846204,0.4269208333,1.103666164,1.743543654,0.1538704761,3.011496017,1.444244377,0.8345439871,0.1654560129,2,0.589293878,0.001999000999,3.638515749,0,0,238,20.8,45,229,238,0.001
155,weekly_price_vol,2023 이후,0.1646471305,-0.3642602065,0.3248986098,0.63042752,0.9705539768,0.1728793768,0.9523815593,0.452004165,0.5796056598,0.4203943402,100,6.770071533,0.02296541719,1.677043474,44,0.44,268,27.84848485,33,283,283,0.001
156,original,사후적 holdout 2019 이후,0.3363609996,-0.7425408428,0.5046296638,0.8328829725,1.205230166,0.3831405699,0.8779049417,0.4529865298,0.6701473724,0.3298526276,46,3.286905155,0.02429745084,8.528123843,8,0.1739130435,1333,73.55172414,29,522,1333,0.001
157,improved,사후적 holdout 2019 이후,0.3880532344,-0.620347765,0.4665022585,0.9417623545,1.383273101,0.3456234258,1.122763116,0.6255414403,0.5744463024,0.4255536976,65,3.268371695,0.02416044784,11.29000486,7,0.1076923077,1063,57.16666667,36,522,1063,0.001
158,confirm2,사후적 holdout 2019 이후,0.3855347498,-0.6408449585,0.470844742,0.9334649045,1.372136895,0.3582982146,1.076016385,0.6016037806,0.5738276311,0.4261723689,65,3.279404279,0.02424200288,11.13945398,7,0.1076923077,1307,67.5,34,283,1307,0.001
159,buffer1,사후적 holdout 2019 이후,0.3687703945,-0.6444489126,0.4689526023,0.9095565384,1.330787144,0.3598558135,1.024772647,0.5722259551,0.5766299734,0.4233700266,67,3.144162353,0.02324226791,10.18081845,5,0.07462686567,1065,62.05405405,37,283,1065,0.001
160,confirm2_buffer1,사후적 holdout 2019 이후,0.3962477193,-0.6420983149,0.4689129125,0.952047789,1.396952648,0.3406914208,1.163069262,0.6171137818,0.5800804691,0.4199195309,65,3.075878873,0.02273750297,11.79210137,4,0.06153846154,1056,56.97222222,36,522,1056,0.001
161,weekly,사후적 holdout 2019 이후,0.3836885221,-0.618907494,0.4739866759,0.9274486373,1.367114224,0.3514836134,1.091625633,0.6199448638,0.5745596022,0.4254403978,60,3.217908,0.02378741026,11.03019524,6,0.1,1308,60.5,34,522,1308,0.001
162,hybrid_score,사후적 holdout 2019 이후,0.4018040981,-0.6186969819,0.4593886997,0.9705012636,1.433044186,0.3124967898,1.285786322,0.649436008,0.5707134912,0.4292865088,174,5.906111883,0.04365914328,12.14343701,85,0.4885057471,1051,59.53846154,39,283,1051,0.001
163,hybrid_score_conservative,사후적 holdout 2019 이후,0.397082136,-0.6161156607,0.4562891397,0.9665779329,1.428097113,0.3066049568,1.295093661,0.6444928465,0.5454936443,0.4545063557,118,5.330144388,0.03940147802,11.84429468,55,0.4661016949,1050,58.82051282,39,283,1050,0.001
164,buy_hold,사후적 holdout 2019 이후,0.5074678109,-0.7666881596,0.6179079862,0.9772167533,1.44721993,0.3680078588,1.378959168,0.6618959802,1,0,0,0,0,20.77995982,0,0,847,45.22641509,53,229,847,0.001
165,weekly_price,사후적 holdout 2019 이후,0.4595201532,-0.5225042168,0.4603454204,1.050098779,1.630651334,0.2644806681,1.737443256,0.8794573104,0.5903703704,0.4096296296,33,4.461869242,0.03298301698,16.36339449,10,0.303030303,1051,48.61702128,47,283,1051,0.001
166,monthly_10m,사후적 holdout 2019 이후,0.5429609401,-0.530832087,0.5006933059,1.115175679,1.728205024,0.2490032427,2.180537628,1.022848757,0.6988888889,0.3011111111,8,1.081681652,0.007996003996,24.68066104,0,0,715,41.34545455,55,229,715,0.001
167,weekly_price_vol,사후적 holdout 2019 이후,0.3318246076,-0.3769433603,0.3257438779,1.041281109,1.638497571,0.1855529999,1.788300959,0.8803036281,0.4460960074,0.5539039926,216,4.759624028,0.03518407906,8.316431484,78,0.3611111111,1037,40.625,56,283,1037,0.001
168,original,전체기간,0.4923060142,-0.8230836263,0.5678894947,0.9922564237,1.457875452,0.4296196414,1.145911329,0.5981239311,0.6999582273,0.3000417727,69,3.52439242,0.07619056138,75.72442667,14,0.2058823529,1335,62.09259259,54,522,1335,0.002
169,improved,전체기간,0.6246464756,-0.6308993122,0.5304874906,1.183004364,1.771687859,0.3580310057,1.744671455,0.9900890103,0.6038526398,0.3961473602,98,3.525469411,0.07621384385,189.714276,15,0.1546391753,1063,52.95238095,63,522,1063,0.002
170,confirm2,전체기간,0.6278414143,-0.6415494557,0.5330254207,1.183536943,1.77357019,0.3639240599,1.725198972,0.9786329155,0.6038222879,0.3961777121,96,3.430138535,0.07415297433,193.7860467,15,0.1578947368,1307,54.67213115,61,522,1307,0.002
171,buffer1,전체기간,0.6224339961,-0.6453239388,0.5316371874,1.179052798,1.764330058,0.3661595763,1.699898176,0.9645295311,0.6108009105,0.3891990895,94,3.106344735,0.06715317734,186.9402627,9,0.09677419355,1308,55.84375,64,283,1308,0.002
172,confirm2_buffer1,전체기간,0.6607059957,-0.6428022973,0.5307808417,1.224069516,1.836959127,0.3470492088,1.903781881,1.027852574,0.608496667,0.391503333,90,3.017642406,0.06523560422,240.520481,7,0.07865168539,1056,52.015625,64,522,1056,0.002
173,weekly,전체기간,0.605284157,-0.6583671147,0.5394549853,1.150179897,1.715390271,0.3694133228,1.638501158,0.9193717966,0.6083379199,0.3916620801,85,3.362820105,0.07269767981,166.654818,10,0.119047619,1308,54.72131148,61,522,1308,0.002
174,hybrid_score,전체기간,0.6227217319,-0.6294847436,0.5251754994,1.187273409,1.783153633,0.3385944387,1.839137507,0.9892562739,0.5987575108,0.4012424892,256,6.058268165,0.1309680641,187.2989322,130,0.5098039216,1051,53.35820896,67,283,1051,0.002
175,hybrid_score_conservative,전체기간,0.6117291907,-0.6367728997,0.5223461103,1.177830508,1.769892685,0.3389211067,1.804930937,0.9606708938,0.5722475073,0.4277524927,162,5.15684661,0.11148107,174.0312497,75,0.4658385093,1051,54.21212121,66,283,1051,0.002
176,buy_hold,전체기간,0.6794128078,-0.8378314303,0.6680017219,1.112766921,1.649441469,0.4254269415,1.597014062,0.8109182626,1,0,1,0.0923305365,0.001996007984,271.4781338,0,0,1080,46.20512821,78,229,1080,0.002
177,weekly_price,전체기간,0.600500006,-0.7686821614,0.5316356418,1.149465874,1.755867321,0.3609691172,1.663577235,0.7812071571,0.615248227,0.384751773,51,4.713473888,0.1018962076,161.3640466,18,0.36,1056,53.37313433,67,283,1056,0.002
178,monthly_10m,전체기간,0.7122935941,-0.7295315691,0.5691313881,1.228544453,1.882239741,0.3605068402,1.975811593,0.9763711733,0.7170719352,0.2829280648,14,1.293920138,0.02797205589,334.7767297,0,0,1105,40.4494382,89,229,1105,0.002
179,weekly_price_vol,전체기간,0.4302965386,-0.4169555974,0.3469534883,1.204492868,1.857270228,0.2032670711,2.116902341,1.031996072,0.4405455769,0.5594544231,324,4.776301124,0.1032544112,47.86367122,121,0.3746130031,1049,42.29761905,84,283,1049,0.002
180,original,초기 관측 2015–2016,0.7388771429,-0.3133080623,0.5074427811,1.347099052,1.946758171,0.1625482419,4.5455868,2.358308744,0.751763045,0.248236955,15,5.925534744,0.01680726624,2.191547883,2,0.1428571429,189,41.83333333,12,3,189,0.002
181,improved,초기 관측 2015–2016,0.7266411604,-0.3133080623,0.5076597546,1.332823177,1.924143137,0.1627778796,4.464004337,2.319254587,0.7217230743,0.2782769257,20,6.237769366,0.01769289271,2.16970952,5,0.2631578947,190,41.91666667,12,3,190,0.002
182,confirm2,초기 관측 2015–2016,0.7272095559,-0.3133080623,0.507299519,1.33406137,1.925599708,0.1625339447,4.47420111,2.321068761,0.7224706525,0.2775293475,19,5.873525298,0.01665974595,2.170722544,5,0.2777777778,190,41.91666667,12,3,190,0.002
183,buffer1,초기 관측 2015–2016,0.8274857191,-0.3133080623,0.5078179871,1.444089588,2.107543771,0.1556046643,5.317872205,2.641124882,0.7708227048,0.2291772952,18,5.213189622,0.01478676098,2.35159803,3,0.1764705882,190,41.75,12,3,190,0.002
184,confirm2_buffer1,초기 관측 2015–2016,0.8423678482,-0.3133080623,0.5058848764,1.463567867,2.144961593,0.1561827292,5.393476298,2.68862487,0.7707985219,0.2292014781,18,5.223054139,0.01481474083,2.3788032,3,0.1764705882,190,41.66666667,12,3,190,0.002
185,weekly,초기 관측 2015–2016,0.6923430457,-0.3133080623,0.5096765883,1.290204408,1.856910377,0.1647821715,4.20156525,2.209783689,0.7176700842,0.2823299158,17,5.921305813,0.01679527125,2.108840741,2,0.125,189,41.91666667,12,3,189,0.002
186,hybrid_score,초기 관측 2015–2016,0.7204584985,-0.3133080623,0.5076219725,1.325839503,1.909672666,0.1654073394,4.355662217,2.299521095,0.7597652376,0.2402347624,37,6.958613652,0.01973750512,2.158699477,15,0.4166666667,190,41.91666667,12,3,190,0.002
187,hybrid_score_conservative,초기 관측 2015–2016,0.6775028848,-0.3133080623,0.5071842686,1.276603936,1.838449315,0.1711525689,3.958473361,2.162417654,0.733773959,0.266226041,33,8.023028151,0.02275662468,2.082662823,15,0.46875,190,42,12,3,190,0.002
188,buy_hold,초기 관측 2015–2016,1.386346009,-0.3133080623,0.5410560815,1.881814022,2.77802921,0.1349981555,10.26937001,4.424865416,1,0,1,0.7037084133,0.001996007984,3.433239198,0,0,169,27.16666667,18,3,169,0.002
189,weekly_price,초기 관측 2015–2016,0.8316365322,-0.3133080623,0.5291509287,1.411125706,2.059567335,0.1754236188,4.740732963,2.654373227,0.8108108108,0.1891891892,9,6.339005387,0.01798003992,2.359176612,4,0.5,190,38.53846154,13,3,190,0.002
190,monthly_10m,초기 관측 2015–2016,0.8338223558,-0.3133080623,0.5279545064,1.415351504,2.068424658,0.1448181084,5.757721635,2.661349822,0.8822393822,0.1177606178,3,2.112532657,0.005992015968,2.363170392,0,0,169,31.125,16,3,169,0.002
191,weekly_price_vol,초기 관측 2015–2016,0.8904353739,-0.2470111629,0.4167192289,1.737782117,2.636696979,0.1312697663,6.783247957,3.604838596,0.6384883161,0.3615116839,45,6.678818013,0.01894388901,2.467299381,16,0.3636363636,184,35.42857143,14,3,184,0.002
192,original,2017–2018 사이클,1.038475162,-0.8230836263,0.7870351006,1.295733608,1.961809264,0.4436467948,2.340770121,1.261688519,0.7734574229,0.2265425771,8,2.703069704,0.01080487821,4.151331664,4,0.5,55,10.71428571,28,380,380,0.002
193,improved,2017–2018 사이클,1.81875693,-0.6308993122,0.7303139339,1.781343968,2.789613567,0.4102012874,4.433815753,2.882800623,0.628976237,0.371023763,13,2.554838998,0.01021236122,7.934127197,3,0.2307692308,55,10.71428571,28,380,380,0.002
194,confirm2,2017–2018 사이클,1.867513242,-0.613298792,0.7302194581,1.805021397,2.82996603,0.4013124812,4.653513982,3.045030036,0.6305698502,0.3694301498,12,2.256943771,0.00902159591,8.210782983,3,0.25,55,10.71428571,28,380,380,0.002
195,buffer1,2017–2018 사이클,1.829016734,-0.6148521936,0.7288631944,1.78843846,2.801747221,0.4061548892,4.503249333,2.974725882,0.6236368567,0.3763631433,9,1.474100063,0.005892364384,7.991950354,1,0.1111111111,55,10.71428571,28,380,380,0.002
196,confirm2_buffer1,2017–2018 사이클,1.963892114,-0.5935532712,0.7266970632,1.855884067,2.914459475,0.3854389411,5.095209396,3.308704053,0.5984300556,0.4015699444,7,1.239895844,0.004956188727,8.771600388,0,0,55,10.71428571,28,380,380,0.002
197,weekly,2017–2018 사이클,1.710555801,-0.6583671147,0.7468914301,1.706941489,2.625034734,0.4331416497,3.949183372,2.598179287,0.655690518,0.344309482,8,2.086547749,0.008340478338,7.337090569,2,0.25,55,10.71428571,28,380,380,0.002
198,hybrid_score,2017–2018 사이클,1.733891059,-0.6272498338,0.7263667261,1.744840773,2.734019694,0.4088817632,4.240568338,2.764275039,0.5882326485,0.4117673515,45,5.985173806,0.02392430871,7.463877249,30,0.6666666667,55,10.75,28,380,380,0.002
199,hybrid_score_conservative,2017–2018 사이클,1.710836604,-0.6367728997,0.72277071,1.738157809,2.725572248,0.4239079695,4.035867989,2.68672961,0.5565827514,0.4434172486,11,2.486027596,0.009937304012,7.338609798,5,0.4545454545,55,10.75,28,380,380,0.002
200,buy_hold,2017–2018 사이클,0.9516044828,-0.8378314303,0.8911583473,1.194253179,1.775837935,0.4539301189,2.096367796,1.135794682,1,0,0,0,0,3.805275363,0,0,55,10.71428571,28,380,380,0.002
201,weekly_price,2017–2018 사이클,1.079551352,-0.7686821614,0.7389881761,1.357917162,2.064229812,0.492688168,2.191145276,1.404418375,0.5684931507,0.4315068493,9,4.499087442,0.01798403194,4.320201681,4,0.4444444444,59,10.89285714,28,380,380,0.002
202,monthly_10m,2017–2018 사이클,1.406855345,-0.7295315691,0.791818653,1.502888066,2.300736798,0.4729051792,2.97492057,1.928436554,0.6671232877,0.3328767123,3,1.50002871,0.005996007984,5.785991647,0,0,55,10.71428571,28,380,380,0.002
203,weekly_price_vol,2017–2018 사이클,0.5548819607,-0.4169555974,0.3678595973,1.384348923,2.054357793,0.2393903692,2.317895923,1.330793888,0.2795585891,0.7204414109,63,3.49402888,0.01396654939,2.4161975,27,0.4285714286,124,12.36,25,380,380,0.002
204,original,2019 전환기,1.625230057,-0.265619705,0.6271918159,1.849577263,2.989825597,0.1665689925,9.757098438,6.118635123,0.7287671233,0.2712328767,1,1.000684932,0.002,2.623496345,0,0,48,10.92857143,14,188,188,0.002
205,improved,2019 전환기,1.305710333,-0.3043128047,0.5912318879,1.704662428,2.791773874,0.1831238931,7.130201915,4.290684824,0.5335566748,0.4664433252,6,1.95339332,0.003904112589,2.304392322,0,0,19,5.785714286,14,188,188,0.002
206,confirm2,2019 전환기,1.142530975,-0.3521647618,0.5997617187,1.566938523,2.51106567,0.2055777818,5.557657862,3.24430806,0.5338122715,0.4661877285,6,1.979646598,0.003956583207,2.141413825,0,0,19,5.714285714,14,188,188,0.002
207,buffer1,2019 전환기,1.101005083,-0.3566841899,0.5996749517,1.534361148,2.457819795,0.208110748,5.290476796,3.086778485,0.5297120427,0.4702879573,6,1.965367263,0.003928044085,2.099937716,0,0,19,5.642857143,14,188,188,0.002
208,confirm2_buffer1,2019 전환기,1.015230022,-0.3618356762,0.5875447997,1.484420243,2.328187714,0.2076910849,4.88817333,2.805776458,0.5294693591,0.4705306409,6,1.949098624,0.003895529077,2.014263697,0,0,19,5.571428571,14,188,188,0.002
209,weekly,2019 전환기,1.263947223,-0.3113135539,0.5914436308,1.67328014,2.737878284,0.1845594845,6.848454449,4.060045595,0.5316142196,0.4683857804,6,1.944811441,0.003886960579,2.262681394,0,0,19,5.785714286,14,188,188,0.002
210,hybrid_score,2019 전환기,1.29456566,-0.3034220194,0.587999745,1.702573179,2.788435038,0.1831426062,7.068620933,4.266551461,0.5294021141,0.4705978859,20,4.95007463,0.009893372977,2.293261625,11,0.55,34,7.785714286,14,188,188,0.002
211,hybrid_score_conservative,2019 전환기,1.300925182,-0.2962591688,0.5869024983,1.709382006,2.80257814,0.1814780501,7.168498791,4.391172728,0.5087437109,0.4912562891,12,3.444056723,0.006883398789,2.299613177,6,0.5,19,5.785714286,14,188,188,0.002
212,buy_hold,2019 전환기,0.9447436861,-0.4862220874,0.7077326078,1.288593875,2.055828429,0.224985645,4.199128731,1.943029144,1,0,0,0,0,1.94385853,0,0,48,10.92857143,14,188,188,0.002
213,weekly_price,2019 전환기,1.508101414,-0.265619705,0.5887733321,1.852520108,3.057519036,0.1603586138,9.404555067,5.677671445,0.5369863014,0.4630136986,2,1.999372488,0.003996007984,2.506523359,0,0,19,5.785714286,14,188,188,0.002
214,monthly_10m,2019 전환기,0.3903176583,-0.4602245207,0.6210320063,0.8375022886,1.299396354,0.218082367,1.789771744,0.8481026991,0.5863013699,0.4136986301,2,1.999372488,0.003996007984,1.390004104,0,0,19,5.714285714,7,188,188,0.002
215,weekly_price_vol,2019 전환기,1.063095981,-0.1270860202,0.3494144621,2.241844548,4.525879063,0.08035093773,13.23066054,8.365168562,0.3066477025,0.6933522975,29,3.102670021,0.006201092718,2.062073572,11,0.3793103448,19,5.4,15,188,188,0.002
216,original,2020–2022 사이클,-0.002865571709,-0.7439441393,0.595772026,0.3077163843,0.4145815398,0.4152933417,-0.006900114741,-0.003851864082,0.7185287051,0.2814712949,16,2.801884414,0.01681514205,0.9914259485,1,0.0625,292,25.23529412,17,627,627,0.002
217,improved,2020–2022 사이클,0.2068088849,-0.5945208762,0.5308307081,0.6340888718,0.8675140451,0.3898120897,0.530534815,0.3478580706,0.5393289152,0.4606710848,24,2.964469441,0.01779087478,1.757807752,2,0.08333333333,279,22.36842105,19,627,627,0.002
218,confirm2,2020–2022 사이클,0.2119399163,-0.5941505318,0.5362081981,0.6405533452,0.8823519102,0.3932715344,0.5389149677,0.356710808,0.5397341445,0.4602658555,24,2.95217207,0.01771707373,1.780329583,2,0.08333333333,276,21.15,20,627,627,0.002
219,buffer1,2020–2022 사이클,0.1962254535,-0.5937390315,0.5329697502,0.6171800146,0.8431585461,0.3957125286,0.4958787991,0.3304910795,0.5415225535,0.4584774465,24,2.968287467,0.01781378816,1.71195513,2,0.08333333333,277,21.25,20,627,627,0.002
220,confirm2_buffer1,2020–2022 사이클,0.2642983428,-0.5710935545,0.5348511632,0.7198231936,0.9961796479,0.3759953195,0.7029298747,0.4627934263,0.5413742325,0.4586257675,24,2.954064819,0.01772843281,2.021242485,2,0.08333333333,272,20.0952381,21,627,627,0.002
221,weekly,2020–2022 사이클,0.2083270823,-0.5919245028,0.540491812,0.6342934761,0.8729153625,0.3936874003,0.5291687825,0.351948739,0.5397201409,0.4602798591,23,2.961970475,0.01777587757,1.764451725,2,0.08695652174,277,21.05,20,627,627,0.002
222,hybrid_score,2020–2022 사이클,0.237932076,-0.5217721462,0.519568788,0.6850323391,0.9448126088,0.3519701092,0.6760008015,0.4560076227,0.5245533891,0.4754466109,66,5.525146418,0.03315844202,1.897378153,32,0.4848484848,282,22.57894737,19,627,627,0.002
223,hybrid_score_conservative,2020–2022 사이클,0.259335781,-0.5217721462,0.5148809209,0.7198878433,0.9925941011,0.3586761677,0.7230359982,0.4970287948,0.4927390825,0.5072609175,39,4.403991316,0.02642997663,1.997529363,15,0.3846153846,308,26.8125,16,627,627,0.002
224,buy_hold,2020–2022 사이클,0.3209679295,-0.7666881596,0.7250178445,0.7570220122,1.072377598,0.3887025993,0.8257416596,0.4186420847,1,0,0,0,0,2.305470492,0,0,189,18.05714286,35,418,418,0.002
225,weekly_price,2020–2022 사이클,0.5110062342,-0.5253606204,0.4977433082,1.077594832,1.635190617,0.2654345969,1.925168159,0.9726770802,0.5237226277,0.4762773723,10,3.329247072,0.01998003992,3.450813351,2,0.2,169,14,30,627,627,0.002
226,monthly_10m,2020–2022 사이클,0.6925886047,-0.530832087,0.5325413956,1.253720962,1.917350049,0.236718836,2.925785782,1.30472257,0.5830291971,0.4169708029,4,1.331698829,0.007992015968,4.850769888,0,0,189,20.3,30,418,418,0.002
227,weekly_price_vol,2020–2022 사이클,0.3342329382,-0.379572016,0.3184067031,1.065005218,1.593087094,0.1753945299,1.905606397,0.8805521064,0.3416071132,0.6583928868,87,3.03786684,0.01823135965,2.375640333,23,0.2643678161,169,14.48275862,29,627,627,0.002
228,original,2023 이후,0.4090204772,-0.2689022465,0.3538993778,1.144373038,1.849267625,0.1488473086,2.747919871,1.521074972,0.6100810691,0.3899189309,29,4.387020237,0.02976327488,3.200050655,7,0.2413793103,243,18.51351351,37,522,522,0.002
229,improved,2023 이후,0.3431936249,-0.2394030274,0.3496439138,1.017278798,1.61652065,0.1319926378,2.600096723,1.433539202,0.6175563672,0.3824436328,35,3.922767687,0.02661360254,2.720642417,5,0.1428571429,243,19.97058824,34,522,522,0.002
230,confirm2,2023 이후,0.3619791097,-0.236410406,0.3507972848,1.054668996,1.681750311,0.1235863187,2.92895778,1.531147109,0.6157744169,0.3842255831,35,3.949943731,0.02679797554,2.851888897,5,0.1428571429,242,19.91176471,34,522,522,0.002
231,buffer1,2023 이후,0.3498812052,-0.266288346,0.3498326448,1.031086203,1.644215771,0.1256351104,2.78489989,1.313918579,0.6215071138,0.3784928862,37,3.645457327,0.02473221973,2.766866417,3,0.08108108108,243,24.75675676,37,283,283,0.002
232,confirm2_buffer1,2023 이후,0.3590676279,-0.2542581533,0.3530169396,1.044190552,1.662426684,0.1234489741,2.908631931,1.41221677,0.6292290489,0.3707709511,35,3.514051792,0.02384071277,2.831261399,2,0.05714285714,243,20.51515152,33,522,522,0.002
233,weekly,2023 이후,0.3398658375,-0.2586651608,0.3583485614,0.9940337868,1.584310015,0.1271017828,2.673965936,1.31392197,0.618029428,0.381970572,31,3.817450921,0.02589909208,2.697845186,4,0.1290322581,242,20.51515152,33,522,522,0.002
234,hybrid_score,2023 이후,0.3360098138,-0.2739864115,0.345615369,1.009681751,1.599904849,0.1374141783,2.445233948,1.226374009,0.6237160129,0.3762839871,88,6.522975181,0.04425443532,2.671598108,42,0.4772727273,243,25.52777778,36,283,283,0.002
235,hybrid_score_conservative,2023 이후,0.3068374823,-0.2796129476,0.3434094788,0.9496084885,1.505820909,0.1429656142,2.146232743,1.097365072,0.6029857552,0.3970142448,67,6.70270097,0.04547376592,2.478828709,34,0.5074626866,243,26.25714286,35,283,283,0.002
236,buy_hold,2023 이후,0.5718023229,-0.4913281286,0.4691500133,1.197233154,1.875694755,0.1744484685,3.2777721,1.163789105,1,0,0,0,0,4.636822603,0,0,238,18.0754717,53,229,238,0.002
237,weekly_price,2023 이후,0.1950826503,-0.4145183353,0.3751166769,0.661209214,1.020222445,0.1890458496,1.031932998,0.4706249005,0.6650524617,0.3349475383,21,6.184205439,0.04195608782,1.830412929,8,0.380952381,277,32.89285714,28,283,283,0.002
238,monthly_10m,2023 이후,0.4625177862,-0.320846204,0.4269544247,1.102231748,1.741090691,0.1540683928,3.002029021,1.441556049,0.8345439871,0.1654560129,2,0.5889999662,0.003996007984,3.631245973,0,0,238,20.8,45,229,238,0.002
239,weekly_price_vol,2023 이후,0.1567861209,-0.3677290785,0.3250173984,0.6094848534,0.9371433343,0.1753572225,0.8940955988,0.4263631299,0.5796056598,0.4203943402,100,6.767224706,0.04591152039,1.638954435,44,0.44,270,28.78125,32,283,283,0.002
240,original,사후적 holdout 2019 이후,0.3319742037,-0.7439441393,0.5047457729,0.8263265792,1.195405306,0.3853484597,0.861490932,0.4462353907,0.6701473724,0.3298526276,46,3.285790145,0.04857841693,8.323339279,8,0.1739130435,1335,73.65517241,29,522,1335,0.002
241,improved,사후적 holdout 2019 이후,0.3835230525,-0.6212706823,0.4665599498,0.9347109925,1.372602576,0.347669705,1.103124739,0.6173203782,0.5744463024,0.4255536976,65,3.267539345,0.04830858991,11.02044825,7,0.1076923077,1063,58.8,35,522,1063,0.002
242,confirm2,사후적 holdout 2019 이후,0.3809975502,-0.6415494557,0.4708668273,0.926475195,1.361584536,0.3605580712,1.056688452,0.5938708963,0.5738276311,0.4261723689,65,3.278567363,0.04847163247,10.87260506,7,0.1076923077,1307,62.3030303,33,522,1307,0.002
243,buffer1,사후적 holdout 2019 이후,0.3644727855,-0.6453239388,0.4690245433,0.9028005299,1.320579689,0.3617920881,1.007409497,0.5647904309,0.5766299734,0.4233700266,67,3.143453238,0.04647405198,9.946882403,5,0.07462686567,1308,63.77777778,36,283,1308,0.002
244,confirm2_buffer1,사후적 holdout 2019 이후,0.3919588829,-0.6428022973,0.4688881937,0.9455102095,1.387039698,0.3426443587,1.143923351,0.6097658402,0.5800804691,0.4199195309,65,3.075180078,0.04546467466,11.52695802,4,0.06153846154,1056,57,36,522,1056,0.002
245,weekly,사후적 holdout 2019 이후,0.3792421302,-0.6215085382,0.4740557669,0.9205899476,1.356694574,0.35389099,1.07163545,0.610196171,0.5745596022,0.4254403978,60,3.217036114,0.04756193023,10.77085578,6,0.1,1308,62.33333333,33,522,1308,0.002
246,hybrid_score,사후적 holdout 2019 이후,0.3935483875,-0.6200986138,0.4594287754,0.9575976019,1.41359678,0.3158928839,1.245828594,0.6346545191,0.5707134912,0.4292865088,174,5.905297764,0.08730625031,11.6246163,85,0.4885057471,1051,59.56410256,39,283,1051,0.002
247,hybrid_score_conservative,사후적 holdout 2019 이후,0.3896540498,-0.617718793,0.4563338321,0.9548450682,1.410362826,0.3095219802,1.258889755,0.6307952004,0.5454936443,0.4545063557,118,5.3290747,0.07878714135,11.38661083,55,0.4661016949,1051,60.42105263,38,283,1051,0.002
248,buy_hold,사후적 holdout 2019 이후,0.5074678109,-0.7666881596,0.6179079862,0.9772167533,1.44721993,0.3680078588,1.378959168,0.6618959802,1,0,0,0,0,20.77995982,0,0,847,45.22641509,53,229,847,0.002
249,weekly_price,사후적 holdout 2019 이후,0.4530194133,-0.5253606204,0.4604528619,1.040262034,1.61467446,0.2673101996,1.694732988,0.8623018089,0.5903703704,0.4096296296,33,4.459576403,0.06593213573,15.83223767,10,0.303030303,1056,51.95454545,44,283,1056,0.002
250,monthly_10m,사후적 holdout 2019 이후,0.5412920129,-0.530832087,0.5007103913,1.11299092,1.724707886,0.2496734253,2.168000108,1.019704773,0.6988888889,0.3011111111,8,1.08114216,0.01598403194,24.48400297,0,0,715,41.34545455,55,229,715,0.002
251,weekly_price_vol,사후적 holdout 2019 이후,0.3254986055,-0.379572016,0.3258058511,1.026529121,1.613876033,0.1882911685,1.728698208,0.8575411037,0.4460960074,0.5539039926,216,4.757988158,0.07034397276,8.028820087,78,0.3611111111,1049,43,53,283,1049,0.002
